<?xml version="1.0"?>
<doc>
    <assembly>
        <name>Microsoft.VisualStudio.TestPlatform.TestFramework.Extensions</name>
    </assembly>
    <members>
        <member name="T:Microsoft.VisualStudio.TestTools.UnitTesting.DeploymentItemAttribute">
            <summary>
            Used to specify deployment item (file or directory) for per-test deployment.
            Can be specified on test class or test method.
            Can have multiple instances of the attribute to specify more than one item.
            The item path can be absolute or relative, if relative, it is relative to RunConfig.RelativePathRoot.
            </summary>
            <example>
            [DeploymentItem("file1.xml")]
            [DeploymentItem("file2.xml", "DataFiles")]
            [DeploymentItem("bin\Debug")]
            </example>
        </member>
        <member name="M:Microsoft.VisualStudio.TestTools.UnitTesting.DeploymentItemAttribute.#ctor(System.String)">
            <summary>
            Initializes a new instance of the <see cref="T:Microsoft.VisualStudio.TestTools.UnitTesting.DeploymentItemAttribute"/> class.
            </summary>
            <param name="path">The file or directory to deploy. The path is relative to the build output directory. The item will be copied to the same directory as the deployed test assemblies.</param>
        </member>
        <member name="M:Microsoft.VisualStudio.TestTools.UnitTesting.DeploymentItemAttribute.#ctor(System.String,System.String)">
            <summary>
            Initializes a new instance of the <see cref="T:Microsoft.VisualStudio.TestTools.UnitTesting.DeploymentItemAttribute"/> class
            </summary>
            <param name="path">The relative or absolute path to the file or directory to deploy. The path is relative to the build output directory. The item will be copied to the same directory as the deployed test assemblies.</param>
            <param name="outputDirectory">The path of the directory to which the items are to be copied. It can be either absolute or relative to the deployment directory. All files and directories identified by <paramref name="path"/> will be copied to this directory.</param>
        </member>
        <member name="P:Microsoft.VisualStudio.TestTools.UnitTesting.DeploymentItemAttribute.Path">
            <summary>
            Gets the path of the source file or folder to be copied.
            </summary>
        </member>
        <member name="P:Microsoft.VisualStudio.TestTools.UnitTesting.DeploymentItemAttribute.OutputDirectory">
            <summary>
            Gets the path of the directory to which the item is copied.
            </summary>
        </member>
        <member name="T:Microsoft.VisualStudio.TestTools.UnitTesting.ConfigurationNames">
            <summary>
            包含节名称、属性名称、特性名称的文本。
            </summary>
        </member>
        <member name="F:Microsoft.VisualStudio.TestTools.UnitTesting.ConfigurationNames.SectionName">
            <summary>
            The configuration section name.
            </summary>
        </member>
        <member name="F:Microsoft.VisualStudio.TestTools.UnitTesting.ConfigurationNames.Beta2SectionName">
            <summary>
            The configuration section name for Beta2. Left around for compat.
            </summary>
        </member>
        <member name="F:Microsoft.VisualStudio.TestTools.UnitTesting.ConfigurationNames.DataSourcesSectionName">
            <summary>
            Section name for Data source.
            </summary>
        </member>
        <member name="F:Microsoft.VisualStudio.TestTools.UnitTesting.ConfigurationNames.NameAttributeName">
            <summary>
            Attribute name for 'Name'
            </summary>
        </member>
        <member name="F:Microsoft.VisualStudio.TestTools.UnitTesting.ConfigurationNames.ConnectionStringAttributeName">
            <summary>
            Attribute name for 'ConnectionString'
            </summary>
        </member>
        <member name="F:Microsoft.VisualStudio.TestTools.UnitTesting.ConfigurationNames.DataAccessMethodAttributeName">
            <summary>
            Attrbiute name for 'DataAccessMethod'
            </summary>
        </member>
        <member name="F:Microsoft.VisualStudio.TestTools.UnitTesting.ConfigurationNames.DataTableAttributeName">
            <summary>
            Attribute name for 'DataTable'
            </summary>
        </member>
        <member name="T:Microsoft.VisualStudio.TestTools.UnitTesting.DataSourceElement">
            <summary>
            数据源元素。
            </summary>
        </member>
        <member name="P:Microsoft.VisualStudio.TestTools.UnitTesting.DataSourceElement.Name">
            <summary>
            Gets or sets the name of this configuration.
            </summary>
        </member>
        <member name="P:Microsoft.VisualStudio.TestTools.UnitTesting.DataSourceElement.ConnectionString">
            <summary>
            Gets or sets the ConnectionStringSettings element in &lt;connectionStrings&gt; section in the .config file.
            </summary>
        </member>
        <member name="P:Microsoft.VisualStudio.TestTools.UnitTesting.DataSourceElement.DataTableName">
            <summary>
            Gets or sets the name of the data table.
            </summary>
        </member>
        <member name="P:Microsoft.VisualStudio.TestTools.UnitTesting.DataSourceElement.DataAccessMethod">
            <summary>
            Gets or sets the type of data access.
            </summary>
        </member>
        <member name="P:Microsoft.VisualStudio.TestTools.UnitTesting.DataSourceElement.Key">
            <summary>
            Gets the key name.
            </summary>
        </member>
        <member name="P:Microsoft.VisualStudio.TestTools.UnitTesting.DataSourceElement.Properties">
            <summary>
            获取配置属性。
            </summary>
        </member>
        <member name="T:Microsoft.VisualStudio.TestTools.UnitTesting.DataSourceElementCollection">
            <summary>
            数据源元素集合。
            </summary>
        </member>
        <member name="M:Microsoft.VisualStudio.TestTools.UnitTesting.DataSourceElementCollection.#ctor">
            <summary>
            Initializes a new instance of the <see cref="T:Microsoft.VisualStudio.TestTools.UnitTesting.DataSourceElementCollection"/> class.
            </summary>
        </member>
        <member name="P:Microsoft.VisualStudio.TestTools.UnitTesting.DataSourceElementCollection.Item(System.String)">
            <summary>
            返回具有指定密钥的配置元素。
            </summary>
            <param name="name">要返回的元素的密钥。</param>
            <returns>具有指定密钥的 System.Configuration.ConfigurationElement；否则，为空。</returns>
        </member>
        <member name="P:Microsoft.VisualStudio.TestTools.UnitTesting.DataSourceElementCollection.Item(System.Int32)">
            <summary>
            在指定索引位置获取配置元素。
            </summary>
            <param name="index">要返回的 System.Configuration.ConfigurationElement 的索引位置。</param>
        </member>
        <member name="M:Microsoft.VisualStudio.TestTools.UnitTesting.DataSourceElementCollection.Add(Microsoft.VisualStudio.TestTools.UnitTesting.DataSourceElement)">
            <summary>
            向配置元素集合添加一个配置元素。
            </summary>
            <param name="element">要添加的 System.Configuration.ConfigurationElement。</param>
        </member>
        <member name="M:Microsoft.VisualStudio.TestTools.UnitTesting.DataSourceElementCollection.Remove(Microsoft.VisualStudio.TestTools.UnitTesting.DataSourceElement)">
            <summary>
           从集合中删除一个 System.Configuration.ConfigurationElement。
            </summary>
            <param name="element">该<see cref="T:Microsoft.VisualStudio.TestTools.UnitTesting.DataSourceElement"/> .</param>
        </member>
        <member name="M:Microsoft.VisualStudio.TestTools.UnitTesting.DataSourceElementCollection.Remove(System.String)">
            <summary>
           从集合中删除一个 System.Configuration.ConfigurationElement。
            </summary>
            <param name="name">要删除的 System.Configuration.ConfigurationElement 的密钥。</param>
        </member>
        <member name="M:Microsoft.VisualStudio.TestTools.UnitTesting.DataSourceElementCollection.Clear">
            <summary>
            从集合中删所有配置元素对象。
            </summary>
        </member>
        <member name="M:Microsoft.VisualStudio.TestTools.UnitTesting.DataSourceElementCollection.CreateNewElement">
            <summary>
            新建 <see cref="T:Microsoft.VisualStudio.TestTools.UnitTesting.DataSourceElement"/>。
            </summary>
            <returns>一个新的<see cref="T:Microsoft.VisualStudio.TestTools.UnitTesting.DataSourceElement"/>.</returns>
        </member>
        <member name="M:Microsoft.VisualStudio.TestTools.UnitTesting.DataSourceElementCollection.GetElementKey(System.Configuration.ConfigurationElement)">
            <summary>
            获取指定配置元素的元素密钥。
            </summary>
            <param name="element">返回密钥的 System.Configuration.ConfigurationElement。</param>
            <returns>充当指定 System.Configuration.ConfigurationElement 密钥的 System.Object。</returns>
        </member>
        <member name="M:Microsoft.VisualStudio.TestTools.UnitTesting.DataSourceElementCollection.BaseAdd(System.Configuration.ConfigurationElement)">
            <summary>
            向配置元素集合添加一个配置元素。
            </summary>
            <param name="element">要添加的 System.Configuration.ConfigurationElement。</param>
        </member>
        <member name="M:Microsoft.VisualStudio.TestTools.UnitTesting.DataSourceElementCollection.BaseAdd(System.Int32,System.Configuration.ConfigurationElement)">
            <summary>
            向配置元素集合添加一个配置元素。
            </summary>
            <param name="index">要添加指定 System.Configuration.ConfigurationElement 的索引位置。</param>
            <param name="element">要添加的 System.Configuration.ConfigurationElement。</param>
        </member>
        <member name="T:Microsoft.VisualStudio.TestTools.UnitTesting.TestConfiguration">
            <summary>
            支持对测试进行配置设置。
            </summary>
        </member>
        <member name="P:Microsoft.VisualStudio.TestTools.UnitTesting.TestConfiguration.ConfigurationSection">
            <summary>
            获取配置节进行测试。
            </summary>
        </member>
        <member name="T:Microsoft.VisualStudio.TestTools.UnitTesting.TestConfigurationSection">
            <summary>
            该配置节用于测试。
            </summary>
        </member>
        <member name="P:Microsoft.VisualStudio.TestTools.UnitTesting.TestConfigurationSection.DataSources">
            <summary>
            Gets the data sources for this configuration section.
            </summary>
        </member>
        <member name="P:Microsoft.VisualStudio.TestTools.UnitTesting.TestConfigurationSection.Properties">
            <summary>
            获取属性集合。
            </summary>
            <returns>
            该 <see cref="T:System.Configuration.ConfigurationPropertyCollection"/> 元素的属性。
            </returns>
        </member>
        <member name="T:Microsoft.VisualStudio.TestTools.UnitTesting.PrivateObject">
            <summary>
            This class represents the live NON public INTERNAL object in the system
            </summary>
        </member>
        <member name="M:Microsoft.VisualStudio.TestTools.UnitTesting.PrivateObject.#ctor(System.Object,System.String)">
            <summary>
            Initializes a new instance of the <see cref="T:Microsoft.VisualStudio.TestTools.UnitTesting.PrivateObject"/> class that contains
            the already existing object of the private class
            </summary>
            <param name="obj"> 充当访问私有成员的起点的对象</param>
            <param name="memberToAccess">非关联化字符串 using，指向要以 m_X.m_Y.m_Z 形式检索的对象</param>
        </member>
        <member name="M:Microsoft.VisualStudio.TestTools.UnitTesting.PrivateObject.#ctor(System.String,System.String,System.Object[])">
            <summary>
            Initializes a new instance of the <see cref="T:Microsoft.VisualStudio.TestTools.UnitTesting.PrivateObject"/> class that wraps the
            specified type.
            </summary>
            <param name="assemblyName">Name of the assembly</param>
            <param name="typeName">完全限定名称</param>
            <param name="args">要传递到构造函数的参数</param>
        </member>
        <member name="M:Microsoft.VisualStudio.TestTools.UnitTesting.PrivateObject.#ctor(System.String,System.String,System.Type[],System.Object[])">
            <summary>
            Initializes a new instance of the <see cref="T:Microsoft.VisualStudio.TestTools.UnitTesting.PrivateObject"/> class that wraps the
            specified type.
            </summary>
            <param name="assemblyName">Name of the assembly</param>
            <param name="typeName">完全限定名称</param>
            <param name="parameterTypes">表示供方法调用的<see cref="T:System.Type"/> 表示供构造函数获取的参数编号、顺序和类型的对象</param>
            <param name="args">要传递到构造函数的参数</param>
        </member>
        <member name="M:Microsoft.VisualStudio.TestTools.UnitTesting.PrivateObject.#ctor(System.Type,System.Object[])">
            <summary>
            Initializes a new instance of the <see cref="T:Microsoft.VisualStudio.TestTools.UnitTesting.PrivateObject"/> class that wraps the
            specified type.
            </summary>
            <param name="type">要创建的对象的类型</param>
            <param name="args">要传递到构造函数的参数</param>
        </member>
        <member name="M:Microsoft.VisualStudio.TestTools.UnitTesting.PrivateObject.#ctor(System.Type,System.Type[],System.Object[])">
            <summary>
            Initializes a new instance of the <see cref="T:Microsoft.VisualStudio.TestTools.UnitTesting.PrivateObject"/> class that wraps the
            specified type.
            </summary>
            <param name="type">要创建的对象的类型</param>
            <param name="parameterTypes">表示供方法调用的<see cref="T:System.Type"/> 表示供构造函数获取的参数编号、顺序和类型的对象</param>
            <param name="args">要传递到构造函数的参数</param>
        </member>
        <member name="M:Microsoft.VisualStudio.TestTools.UnitTesting.PrivateObject.#ctor(System.Object)">
            <summary>
            Initializes a new instance of the <see cref="T:Microsoft.VisualStudio.TestTools.UnitTesting.PrivateObject"/> class that wraps
            the given object.
            </summary>
            <param name="obj">要包装的对象</param>
        </member>
        <member name="M:Microsoft.VisualStudio.TestTools.UnitTesting.PrivateObject.#ctor(System.Object,Microsoft.VisualStudio.TestTools.UnitTesting.PrivateType)">
            <summary>
            Initializes a new instance of the <see cref="T:Microsoft.VisualStudio.TestTools.UnitTesting.PrivateObject"/> class that wraps
            the given object.
            </summary>
            <param name="obj">要包装的对象</param>
            <param name="type">PrivateType 对象</param>
        </member>
        <member name="P:Microsoft.VisualStudio.TestTools.UnitTesting.PrivateObject.Target">
            <summary>
            Gets or sets the target
            </summary>
        </member>
        <member name="P:Microsoft.VisualStudio.TestTools.UnitTesting.PrivateObject.RealType">
            <summary>
            Gets the type of underlying object
            </summary>
        </member>
        <member name="M:Microsoft.VisualStudio.TestTools.UnitTesting.PrivateObject.GetHashCode">
            <summary>
            返回目标对象的哈希代码
            </summary>
            <returns>表示目标对象的哈希代码的 int</returns>
        </member>
        <member name="M:Microsoft.VisualStudio.TestTools.UnitTesting.PrivateObject.Equals(System.Object)">
            <summary>
            等于
            </summary>
            <param name="obj">要与其比较的对象</param>
            <returns>returns true if the objects are equal.</returns>
        </member>
        <member name="M:Microsoft.VisualStudio.TestTools.UnitTesting.PrivateObject.Invoke(System.String,System.Object[])">
            <summary>
            调用指定的方法
            </summary>
            <param name="name">Name of the method</param>
            <param name="args">要传递到成员以调用的参数。</param>
            <returns>方法调用的结果</returns>
        </member>
        <member name="M:Microsoft.VisualStudio.TestTools.UnitTesting.PrivateObject.Invoke(System.String,System.Type[],System.Object[])">
            <summary>
            调用指定的方法
            </summary>
            <param name="name">Name of the method</param>
            <param name="parameterTypes">表示供方法调用的<see cref="T:System.Type"/> 表示供方法获取的参数编号、顺序和类型的对象。</param>
            <param name="args">要传递到成员以调用的参数。</param>
            <returns>方法调用的结果</returns>
        </member>
        <member name="M:Microsoft.VisualStudio.TestTools.UnitTesting.PrivateObject.Invoke(System.String,System.Type[],System.Object[],System.Type[])">
            <summary>
            调用指定的方法
            </summary>
            <param name="name">Name of the method</param>
            <param name="parameterTypes">表示供方法调用的<see cref="T:System.Type"/> 表示供方法获取的参数编号、顺序和类型的对象。</param>
            <param name="args">要传递到成员以调用的参数。</param>
            <param name="typeArguments">与泛型参数的类型对应的类型数组。</param>
            <returns>方法调用的结果</returns>
        </member>
        <member name="M:Microsoft.VisualStudio.TestTools.UnitTesting.PrivateObject.Invoke(System.String,System.Object[],System.Globalization.CultureInfo)">
            <summary>
            调用指定的方法
            </summary>
            <param name="name">Name of the method</param>
            <param name="args">要传递到成员以调用的参数。</param>
            <param name="culture">区域性信息</param>
            <returns>方法调用的结果</returns>
        </member>
        <member name="M:Microsoft.VisualStudio.TestTools.UnitTesting.PrivateObject.Invoke(System.String,System.Type[],System.Object[],System.Globalization.CultureInfo)">
            <summary>
            调用指定的方法
            </summary>
            <param name="name">Name of the method</param>
            <param name="parameterTypes">表示供方法调用的<see cref="T:System.Type"/> 表示供方法获取的参数编号、顺序和类型的对象。</param>
            <param name="args">要传递到成员以调用的参数。</param>
            <param name="culture">区域性信息</param>
            <returns>方法调用的结果</returns>
        </member>
        <member name="M:Microsoft.VisualStudio.TestTools.UnitTesting.PrivateObject.Invoke(System.String,System.Reflection.BindingFlags,System.Object[])">
            <summary>
            调用指定的方法
            </summary>
            <param name="name">Name of the method</param>
            <param name="bindingFlags">由一个或多个以下对象组成的位掩码: <see cref="T:System.Reflection.BindingFlags"/> 指定如何执行搜索。</param>
            <param name="args">要传递到成员以调用的参数。</param>
            <returns>方法调用的结果</returns>
        </member>
        <member name="M:Microsoft.VisualStudio.TestTools.UnitTesting.PrivateObject.Invoke(System.String,System.Reflection.BindingFlags,System.Type[],System.Object[])">
            <summary>
            调用指定的方法
            </summary>
            <param name="name">Name of the method</param>
            <param name="bindingFlags">由一个或多个以下对象组成的位掩码: <see cref="T:System.Reflection.BindingFlags"/> 指定如何执行搜索。</param>
            <param name="parameterTypes">表示供方法调用的<see cref="T:System.Type"/> 表示供方法获取的参数编号、顺序和类型的对象。</param>
            <param name="args">要传递到成员以调用的参数。</param>
            <returns>方法调用的结果</returns>
        </member>
        <member name="M:Microsoft.VisualStudio.TestTools.UnitTesting.PrivateObject.Invoke(System.String,System.Reflection.BindingFlags,System.Object[],System.Globalization.CultureInfo)">
            <summary>
            调用指定的方法
            </summary>
            <param name="name">Name of the method</param>
            <param name="bindingFlags">由一个或多个以下对象组成的位掩码: <see cref="T:System.Reflection.BindingFlags"/> 指定如何执行搜索。</param>
            <param name="args">要传递到成员以调用的参数。</param>
            <param name="culture">区域性信息</param>
            <returns>方法调用的结果</returns>
        </member>
        <member name="M:Microsoft.VisualStudio.TestTools.UnitTesting.PrivateObject.Invoke(System.String,System.Reflection.BindingFlags,System.Type[],System.Object[],System.Globalization.CultureInfo)">
            <summary>
            调用指定的方法
            </summary>
            <param name="name">Name of the method</param>
            <param name="bindingFlags">由一个或多个以下对象组成的位掩码: <see cref="T:System.Reflection.BindingFlags"/> 指定如何执行搜索。</param>
            <param name="parameterTypes">表示供方法调用的<see cref="T:System.Type"/> 表示供方法获取的参数编号、顺序和类型的对象。</param>
            <param name="args">要传递到成员以调用的参数。</param>
            <param name="culture">区域性信息</param>
            <returns>方法调用的结果</returns>
        </member>
        <member name="M:Microsoft.VisualStudio.TestTools.UnitTesting.PrivateObject.Invoke(System.String,System.Reflection.BindingFlags,System.Type[],System.Object[],System.Globalization.CultureInfo,System.Type[])">
            <summary>
            调用指定的方法
            </summary>
            <param name="name">方法名称</param>
            <param name="bindingFlags">由一个或多个以下对象组成的位掩码: <see cref="T:System.Reflection.BindingFlags"/> 指定如何执行搜索。</param>
            <param name="parameterTypes">表示供方法调用的<see cref="T:System.Type"/> 表示供方法获取的参数编号、顺序和类型的对象。</param>
            <param name="args">要传递到成员以调用的参数。</param>
            <param name="culture">区域性信息</param>
            <param name="typeArguments">与泛型参数的类型对应的类型数组。</param>
            <returns>方法调用的结果</returns>
        </member>
        <member name="M:Microsoft.VisualStudio.TestTools.UnitTesting.PrivateObject.GetArrayElement(System.String,System.Int32[])">
            <summary>
            Gets the array element using array of subsrcipts for each dimension
            </summary>
            <param name="name">Name of the member</param>
            <param name="indices">数组的索引</param>
            <returns>An arrya of elements.</returns>
        </member>
        <member name="M:Microsoft.VisualStudio.TestTools.UnitTesting.PrivateObject.SetArrayElement(System.String,System.Object,System.Int32[])">
            <summary>
            Sets the array element using array of subsrcipts for each dimension
            </summary>
            <param name="name">Name of the member</param>
            <param name="value">要设置的值</param>
            <param name="indices">数组的索引</param>
        </member>
        <member name="M:Microsoft.VisualStudio.TestTools.UnitTesting.PrivateObject.GetArrayElement(System.String,System.Reflection.BindingFlags,System.Int32[])">
            <summary>
            Gets the array element using array of subsrcipts for each dimension
            </summary>
            <param name="name">Name of the member</param>
            <param name="bindingFlags">由一个或多个以下对象组成的位掩码: <see cref="T:System.Reflection.BindingFlags"/> 指定如何执行搜索。</param>
            <param name="indices">数组的索引</param>
            <returns>An arrya of elements.</returns>
        </member>
        <member name="M:Microsoft.VisualStudio.TestTools.UnitTesting.PrivateObject.SetArrayElement(System.String,System.Reflection.BindingFlags,System.Object,System.Int32[])">
            <summary>
            Sets the array element using array of subsrcipts for each dimension
            </summary>
            <param name="name">Name of the member</param>
            <param name="bindingFlags">由一个或多个以下对象组成的位掩码: <see cref="T:System.Reflection.BindingFlags"/> 指定如何执行搜索。</param>
            <param name="value">要设置的值</param>
            <param name="indices">数组的索引</param>
        </member>
        <member name="M:Microsoft.VisualStudio.TestTools.UnitTesting.PrivateObject.GetField(System.String)">
            <summary>
            获取字段
            </summary>
            <param name="name">Name of the field</param>
            <returns>The field.</returns>
        </member>
        <member name="M:Microsoft.VisualStudio.TestTools.UnitTesting.PrivateObject.SetField(System.String,System.Object)">
            <summary>
            设置字段
            </summary>
            <param name="name">Name of the field</param>
            <param name="value">要设置的值</param>
        </member>
        <member name="M:Microsoft.VisualStudio.TestTools.UnitTesting.PrivateObject.GetField(System.String,System.Reflection.BindingFlags)">
            <summary>
            获取字段
            </summary>
            <param name="name">Name of the field</param>
            <param name="bindingFlags">由一个或多个以下对象组成的位掩码: <see cref="T:System.Reflection.BindingFlags"/> 指定如何执行搜索。</param>
            <returns>The field.</returns>
        </member>
        <member name="M:Microsoft.VisualStudio.TestTools.UnitTesting.PrivateObject.SetField(System.String,System.Reflection.BindingFlags,System.Object)">
            <summary>
            设置字段
            </summary>
            <param name="name">Name of the field</param>
            <param name="bindingFlags">由一个或多个以下对象组成的位掩码: <see cref="T:System.Reflection.BindingFlags"/> 指定如何执行搜索。</param>
            <param name="value">要设置的值</param>
        </member>
        <member name="M:Microsoft.VisualStudio.TestTools.UnitTesting.PrivateObject.GetFieldOrProperty(System.String)">
            <summary>
            获取字段或属性
            </summary>
            <param name="name">字段或属性的名称</param>
            <returns>The field or property.</returns>
        </member>
        <member name="M:Microsoft.VisualStudio.TestTools.UnitTesting.PrivateObject.SetFieldOrProperty(System.String,System.Object)">
            <summary>
            设置字段或属性
            </summary>
            <param name="name">字段或属性的名称</param>
            <param name="value">要设置的值</param>
        </member>
        <member name="M:Microsoft.VisualStudio.TestTools.UnitTesting.PrivateObject.GetFieldOrProperty(System.String,System.Reflection.BindingFlags)">
            <summary>
            获取字段或属性
            </summary>
            <param name="name">字段或属性的名称</param>
            <param name="bindingFlags">由一个或多个以下对象组成的位掩码: <see cref="T:System.Reflection.BindingFlags"/> 指定如何执行搜索。</param>
            <returns>The field or property.</returns>
        </member>
        <member name="M:Microsoft.VisualStudio.TestTools.UnitTesting.PrivateObject.SetFieldOrProperty(System.String,System.Reflection.BindingFlags,System.Object)">
            <summary>
            设置字段或属性
            </summary>
            <param name="name">字段或属性的名称</param>
            <param name="bindingFlags">由一个或多个以下对象组成的位掩码: <see cref="T:System.Reflection.BindingFlags"/> 指定如何执行搜索。</param>
            <param name="value">要设置的值</param>
        </member>
        <member name="M:Microsoft.VisualStudio.TestTools.UnitTesting.PrivateObject.GetProperty(System.String,System.Object[])">
            <summary>
            获取属性
            </summary>
            <param name="name">属性名称</param>
            <param name="args">要传递到成员以调用的参数。</param>
            <returns>The property.</returns>
        </member>
        <member name="M:Microsoft.VisualStudio.TestTools.UnitTesting.PrivateObject.GetProperty(System.String,System.Type[],System.Object[])">
            <summary>
            获取属性
            </summary>
            <param name="name">属性名称</param>
            <param name="parameterTypes">表示供方法调用的<see cref="T:System.Type"/> 表示索引属性的参数编号、顺序和类型的对象。</param>
            <param name="args">要传递到成员以调用的参数。</param>
            <returns>The property.</returns>
        </member>
        <member name="M:Microsoft.VisualStudio.TestTools.UnitTesting.PrivateObject.SetProperty(System.String,System.Object,System.Object[])">
            <summary>
            设置属性
            </summary>
            <param name="name">属性名称</param>
            <param name="value">要设置的值</param>
            <param name="args">要传递到成员以调用的参数。</param>
        </member>
        <member name="M:Microsoft.VisualStudio.TestTools.UnitTesting.PrivateObject.SetProperty(System.String,System.Type[],System.Object,System.Object[])">
            <summary>
            设置属性
            </summary>
            <param name="name">属性名称</param>
            <param name="parameterTypes">表示供方法调用的<see cref="T:System.Type"/> 表示索引属性的参数编号、顺序和类型的对象。</param>
            <param name="value">要设置的值</param>
            <param name="args">要传递到成员以调用的参数。</param>
        </member>
        <member name="M:Microsoft.VisualStudio.TestTools.UnitTesting.PrivateObject.GetProperty(System.String,System.Reflection.BindingFlags,System.Object[])">
            <summary>
            获取属性
            </summary>
            <param name="name">Name of the property</param>
            <param name="bindingFlags">由一个或多个以下对象组成的位掩码: <see cref="T:System.Reflection.BindingFlags"/> 指定如何执行搜索。</param>
            <param name="args">要传递到成员以调用的参数。</param>
            <returns>The property.</returns>
        </member>
        <member name="M:Microsoft.VisualStudio.TestTools.UnitTesting.PrivateObject.GetProperty(System.String,System.Reflection.BindingFlags,System.Type[],System.Object[])">
            <summary>
            获取属性
            </summary>
            <param name="name">Name of the property</param>
            <param name="bindingFlags">由一个或多个以下对象组成的位掩码: <see cref="T:System.Reflection.BindingFlags"/> 指定如何执行搜索。</param>
            <param name="parameterTypes">表示供方法调用的<see cref="T:System.Type"/> 表示索引属性的参数编号、顺序和类型的对象。</param>
            <param name="args">要传递到成员以调用的参数。</param>
            <returns>The property.</returns>
        </member>
        <member name="M:Microsoft.VisualStudio.TestTools.UnitTesting.PrivateObject.SetProperty(System.String,System.Reflection.BindingFlags,System.Object,System.Object[])">
            <summary>
            设置属性
            </summary>
            <param name="name">属性名称</param>
            <param name="bindingFlags">由一个或多个以下对象组成的位掩码: <see cref="T:System.Reflection.BindingFlags"/> 指定如何执行搜索。</param>
            <param name="value">要设置的值</param>
            <param name="args">要传递到成员以调用的参数。</param>
        </member>
        <member name="M:Microsoft.VisualStudio.TestTools.UnitTesting.PrivateObject.SetProperty(System.String,System.Reflection.BindingFlags,System.Object,System.Type[],System.Object[])">
            <summary>
            设置属性
            </summary>
            <param name="name">属性名称</param>
            <param name="bindingFlags">由一个或多个以下对象组成的位掩码: <see cref="T:System.Reflection.BindingFlags"/> 指定如何执行搜索。</param>
            <param name="value">要设置的值</param>
            <param name="parameterTypes">表示供方法调用的<see cref="T:System.Type"/> 表示索引属性的参数编号、顺序和类型的对象。</param>
            <param name="args">要传递到成员以调用的参数。</param>
        </member>
        <member name="M:Microsoft.VisualStudio.TestTools.UnitTesting.PrivateObject.ValidateAccessString(System.String)">
            <summary>
            验证访问字符串
            </summary>
            <param name="access"> 访问字符串</param>
        </member>
        <member name="M:Microsoft.VisualStudio.TestTools.UnitTesting.PrivateObject.InvokeHelper(System.String,System.Reflection.BindingFlags,System.Object[],System.Globalization.CultureInfo)">
            <summary>
            调用成员
            </summary>
            <param name="name">Name of the member</param>
            <param name="bindingFlags">其他特性</param>
            <param name="args">调用的参数</param>
            <param name="culture">区域性</param>
            <returns>调用的结果</returns>
        </member>
        <member name="M:Microsoft.VisualStudio.TestTools.UnitTesting.PrivateObject.GetGenericMethodFromCache(System.String,System.Type[],System.Type[],System.Reflection.BindingFlags,System.Reflection.ParameterModifier[])">
            <summary>
            从当前私有类型中提取最合适的泛型方法签名。
            </summary>
            <param name="methodName">要在其中搜索签名缓存的方法的名称。</param>
            <param name="parameterTypes">与要在其中进行搜索的参数类型对应的类型数组。</param>
            <param name="typeArguments">与泛型参数的类型对应的类型数组。</param>
            <param name="bindingFlags"><see cref="T:System.Reflection.BindingFlags"/> 以进一步筛选方法签名。</param>
            <param name="modifiers">Modifiers for parameters.</param>
            <returns>A methodinfo instance.</returns>
        </member>
        <member name="T:Microsoft.VisualStudio.TestTools.UnitTesting.PrivateType">
            <summary>
            This class represents a private class for the Private Accessor functionality.
            </summary>
        </member>
        <member name="F:Microsoft.VisualStudio.TestTools.UnitTesting.PrivateType.BindToEveryThing">
            <summary>
            绑定到所有内容
            </summary>
        </member>
        <member name="F:Microsoft.VisualStudio.TestTools.UnitTesting.PrivateType.type">
            <summary>
            The wrapped type.
            </summary>
        </member>
        <member name="M:Microsoft.VisualStudio.TestTools.UnitTesting.PrivateType.#ctor(System.String,System.String)">
            <summary>
            Initializes a new instance of the <see cref="T:Microsoft.VisualStudio.TestTools.UnitTesting.PrivateType"/> class that contains the private type.
            </summary>
            <param name="assemblyName">程序集名称</param>
            <param name="typeName">其完全限定的名称 </param>
        </member>
        <member name="M:Microsoft.VisualStudio.TestTools.UnitTesting.PrivateType.#ctor(System.Type)">
            <summary>
            Initializes a new instance of the <see cref="T:Microsoft.VisualStudio.TestTools.UnitTesting.PrivateType"/> class that contains
            the private type from the type object
            </summary>
            <param name="type">要创建的包装类型。</param>
        </member>
        <member name="P:Microsoft.VisualStudio.TestTools.UnitTesting.PrivateType.ReferencedType">
            <summary>
            获取引用的类型
            </summary>
        </member>
        <member name="M:Microsoft.VisualStudio.TestTools.UnitTesting.PrivateType.InvokeStatic(System.String,System.Object[])">
            <summary>
            调用静态成员
            </summary>
            <param name="name">InvokeHelper 的成员的名称</param>
            <param name="args">调用的参数</param>
            <returns>调用的结果</returns>
        </member>
        <member name="M:Microsoft.VisualStudio.TestTools.UnitTesting.PrivateType.InvokeStatic(System.String,System.Type[],System.Object[])">
            <summary>
            调用静态成员
            </summary>
            <param name="name">InvokeHelper 的成员的名称</param>
            <param name="parameterTypes">表示供方法调用的<see cref="T:System.Type"/>参数编号、顺序和类型的对象数组</param>
            <param name="args">调用的参数</param>
            <returns>调用的结果</returns>
        </member>
        <member name="M:Microsoft.VisualStudio.TestTools.UnitTesting.PrivateType.InvokeStatic(System.String,System.Type[],System.Object[],System.Type[])">
            <summary>
            调用静态成员
            </summary>
            <param name="name">InvokeHelper 的成员的名称</param>
            <param name="parameterTypes">表示供方法调用的<see cref="T:System.Type"/>参数编号、顺序和类型的对象数组</param>
            <param name="args">调用的参数</param>
            <param name="typeArguments">与泛型参数的类型对应的类型数组。</param>
            <returns>调用的结果</returns>
        </member>
        <member name="M:Microsoft.VisualStudio.TestTools.UnitTesting.PrivateType.InvokeStatic(System.String,System.Object[],System.Globalization.CultureInfo)">
            <summary>
            调用静态方法
            </summary>
            <param name="name">Name of the member</param>
            <param name="args">调用的参数</param>
            <param name="culture">区域性</param>
            <returns>调用的结果</returns>
        </member>
        <member name="M:Microsoft.VisualStudio.TestTools.UnitTesting.PrivateType.InvokeStatic(System.String,System.Type[],System.Object[],System.Globalization.CultureInfo)">
            <summary>
            调用静态方法
            </summary>
            <param name="name">Name of the member</param>
            <param name="parameterTypes">表示供方法调用的<see cref="T:System.Type"/>参数编号、顺序和类型的对象数组</param>
            <param name="args">调用的参数</param>
            <param name="culture">区域性信息</param>
            <returns>调用的结果</returns>
        </member>
        <member name="M:Microsoft.VisualStudio.TestTools.UnitTesting.PrivateType.InvokeStatic(System.String,System.Reflection.BindingFlags,System.Object[])">
            <summary>
            调用静态方法
            </summary>
            <param name="name">Name of the member</param>
            <param name="bindingFlags">其他调用特性</param>
            <param name="args">调用的参数</param>
            <returns>调用的结果</returns>
        </member>
        <member name="M:Microsoft.VisualStudio.TestTools.UnitTesting.PrivateType.InvokeStatic(System.String,System.Reflection.BindingFlags,System.Type[],System.Object[])">
            <summary>
            调用静态方法
            </summary>
            <param name="name">Name of the member</param>
            <param name="bindingFlags">其他调用特性</param>
            <param name="parameterTypes">表示供方法调用的<see cref="T:System.Type"/>参数编号、顺序和类型的对象数组</param>
            <param name="args">调用的参数</param>
            <returns>调用的结果</returns>
        </member>
        <member name="M:Microsoft.VisualStudio.TestTools.UnitTesting.PrivateType.InvokeStatic(System.String,System.Reflection.BindingFlags,System.Object[],System.Globalization.CultureInfo)">
            <summary>
            调用静态方法
            </summary>
            <param name="name">成员名称</param>
            <param name="bindingFlags">其他调用特性</param>
            <param name="args">调用的参数</param>
            <param name="culture">区域性</param>
            <returns>调用的结果</returns>
        </member>
        <member name="M:Microsoft.VisualStudio.TestTools.UnitTesting.PrivateType.InvokeStatic(System.String,System.Reflection.BindingFlags,System.Type[],System.Object[],System.Globalization.CultureInfo)">
            <summary>
            调用静态方法
            </summary>
            <param name="name">成员名称</param>
            <param name="bindingFlags">其他调用特性</param>
            /// <param name="parameterTypes">表示供方法调用的<see cref="T:System.Type"/>参数编号、顺序和类型的对象数组</param>
            <param name="args">调用的参数</param>
            <param name="culture">区域性</param>
            <returns>调用的结果</returns>
        </member>
        <member name="M:Microsoft.VisualStudio.TestTools.UnitTesting.PrivateType.InvokeStatic(System.String,System.Reflection.BindingFlags,System.Type[],System.Object[],System.Globalization.CultureInfo,System.Type[])">
            <summary>
            调用静态方法
            </summary>
            <param name="name">成员名称</param>
            <param name="bindingFlags">其他调用特性</param>
            /// <param name="parameterTypes">表示供方法调用的<see cref="T:System.Type"/>参数编号、顺序和类型的对象数组</param>
            <param name="args">调用的参数</param>
            <param name="culture">区域性</param>
            <param name="typeArguments">与泛型参数的类型对应的类型数组。</param>
            <returns>调用的结果</returns>
        </member>
        <member name="M:Microsoft.VisualStudio.TestTools.UnitTesting.PrivateType.GetStaticArrayElement(System.String,System.Int32[])">
            <summary>
            获取静态数组中的元素
            </summary>
            <param name="name">Name of the array</param>
            <param name="indices">
            一个 32 位整数的一维数组，表示指定要获取的
            元素位置的索引。例如，要访问 a[10][11]，则索引为 {10,11}
            </param>
            <returns>指定位置处的元素</returns>
        </member>
        <member name="M:Microsoft.VisualStudio.TestTools.UnitTesting.PrivateType.SetStaticArrayElement(System.String,System.Object,System.Int32[])">
            <summary>
            设置静态数组的成员
            </summary>
            <param name="name">Name of the array</param>
            <param name="value">要设置的值</param>
            <param name="indices">
            一个 32 位整数的一维数组，表示指定要设置的
            元素位置的索引。例如，要访问 a[10][11]，则数组为 {10,11}
            </param>
        </member>
        <member name="M:Microsoft.VisualStudio.TestTools.UnitTesting.PrivateType.GetStaticArrayElement(System.String,System.Reflection.BindingFlags,System.Int32[])">
            <summary>
            Gets the element in satatic array
            </summary>
            <param name="name">Name of the array</param>
            <param name="bindingFlags">其他 InvokeHelper 特性</param>
            <param name="indices">
            一个 32 位整数的一维数组，表示指定要获取的
            元素位置的索引。例如，要访问 a[10][11]，则数组为 {10,11}
            </param>
            <returns>指定位置处的元素</returns>
        </member>
        <member name="M:Microsoft.VisualStudio.TestTools.UnitTesting.PrivateType.SetStaticArrayElement(System.String,System.Reflection.BindingFlags,System.Object,System.Int32[])">
            <summary>
            设置静态数组的成员
            </summary>
            <param name="name">Name of the array</param>
            <param name="bindingFlags">其他 InvokeHelper 特性</param>
            <param name="value">要设置的值</param>
            <param name="indices">
            一个 32 位整数的一维数组，表示指定要设置的
            元素位置的索引。例如，要访问 a[10][11]，则数组为 {10,11}
            </param>
        </member>
        <member name="M:Microsoft.VisualStudio.TestTools.UnitTesting.PrivateType.GetStaticField(System.String)">
            <summary>
            获取静态字段
            </summary>
            <param name="name">字段名称</param>
            <returns>The static field.</returns>
        </member>
        <member name="M:Microsoft.VisualStudio.TestTools.UnitTesting.PrivateType.SetStaticField(System.String,System.Object)">
            <summary>
            设置静态字段
            </summary>
            <param name="name">字段名称</param>
            <param name="value">调用的参数</param>
        </member>
        <member name="M:Microsoft.VisualStudio.TestTools.UnitTesting.PrivateType.GetStaticField(System.String,System.Reflection.BindingFlags)">
            <summary>
            使用指定的 InvokeHelper 特性获取静态字段
            </summary>
            <param name="name">字段名称</param>
            <param name="bindingFlags">其他调用特性</param>
            <returns>The static field.</returns>
        </member>
        <member name="M:Microsoft.VisualStudio.TestTools.UnitTesting.PrivateType.SetStaticField(System.String,System.Reflection.BindingFlags,System.Object)">
            <summary>
            使用绑定特性设置静态字段
            </summary>
            <param name="name">字段名称</param>
            <param name="bindingFlags">其他 InvokeHelper 特性</param>
            <param name="value">调用的参数</param>
        </member>
        <member name="M:Microsoft.VisualStudio.TestTools.UnitTesting.PrivateType.GetStaticFieldOrProperty(System.String)">
            <summary>
            获取静态字段或属性
            </summary>
            <param name="name">字段或属性的名称</param>
            <returns>The static field or property.</returns>
        </member>
        <member name="M:Microsoft.VisualStudio.TestTools.UnitTesting.PrivateType.SetStaticFieldOrProperty(System.String,System.Object)">
            <summary>
            设置静态字段或属性
            </summary>
            <param name="name">字段或属性的名称</param>
            <param name="value">要设置到字段或属性的值</param>
        </member>
        <member name="M:Microsoft.VisualStudio.TestTools.UnitTesting.PrivateType.GetStaticFieldOrProperty(System.String,System.Reflection.BindingFlags)">
            <summary>
            使用指定的 InvokeHelper 特性获取静态字段或属性
            </summary>
            <param name="name">字段或属性的名称</param>
            <param name="bindingFlags">其他调用特性</param>
            <returns>The static field or property.</returns>
        </member>
        <member name="M:Microsoft.VisualStudio.TestTools.UnitTesting.PrivateType.SetStaticFieldOrProperty(System.String,System.Reflection.BindingFlags,System.Object)">
            <summary>
            使用绑定特性设置静态字段或属性
            </summary>
            <param name="name">字段或属性的名称</param>
            <param name="bindingFlags">其他调用特性</param>
            <param name="value">要设置到字段或属性的值</param>
        </member>
        <member name="M:Microsoft.VisualStudio.TestTools.UnitTesting.PrivateType.GetStaticProperty(System.String,System.Object[])">
            <summary>
            获取静态属性
            </summary>
            <param name="name">字段或属性的名称</param>
            <param name="args">调用的参数</param>
            <returns>The static property.</returns>
        </member>
        <member name="M:Microsoft.VisualStudio.TestTools.UnitTesting.PrivateType.SetStaticProperty(System.String,System.Object,System.Object[])">
            <summary>
            设置静态属性
            </summary>
            <param name="name">属性名称</param>
            <param name="value">要设置到字段或属性的值</param>
            <param name="args">要传递到成员以调用的参数。</param>
        </member>
        <member name="M:Microsoft.VisualStudio.TestTools.UnitTesting.PrivateType.SetStaticProperty(System.String,System.Object,System.Type[],System.Object[])">
            <summary>
            设置静态属性
            </summary>
            <param name="name">属性名称</param>
            <param name="value">要设置到字段或属性的值</param>
            <param name="parameterTypes">表示供方法调用的<see cref="T:System.Type"/> 表示索引属性的参数编号、顺序和类型的对象。</param>
            <param name="args">要传递到成员以调用的参数。</param>
        </member>
        <member name="M:Microsoft.VisualStudio.TestTools.UnitTesting.PrivateType.GetStaticProperty(System.String,System.Reflection.BindingFlags,System.Object[])">
            <summary>
            获取静态属性
            </summary>
            <param name="name">属性名称</param>
            <param name="bindingFlags">其他调用特性。</param>
            <param name="args">要传递到成员以调用的参数。</param>
            <returns>The static property.</returns>
        </member>
        <member name="M:Microsoft.VisualStudio.TestTools.UnitTesting.PrivateType.GetStaticProperty(System.String,System.Reflection.BindingFlags,System.Type[],System.Object[])">
            <summary>
            获取静态属性
            </summary>
            <param name="name">属性名称</param>
            <param name="bindingFlags">其他调用特性。</param>
            <param name="parameterTypes">表示供方法调用的<see cref="T:System.Type"/> 表示索引属性的参数编号、顺序和类型的对象。</param>
            <param name="args">要传递到成员以调用的参数。</param>
            <returns>The static property.</returns>
        </member>
        <member name="M:Microsoft.VisualStudio.TestTools.UnitTesting.PrivateType.SetStaticProperty(System.String,System.Reflection.BindingFlags,System.Object,System.Object[])">
            <summary>
            设置静态属性
            </summary>
            <param name="name">属性名称</param>
            <param name="bindingFlags">其他调用特性。</param>
            <param name="value">要设置到字段或属性的值</param>
            <param name="args">索引属性的可选索引值。索引属性的索引以零为基础。对于非索引属性此值应为 null。 </param>
        </member>
        <member name="M:Microsoft.VisualStudio.TestTools.UnitTesting.PrivateType.SetStaticProperty(System.String,System.Reflection.BindingFlags,System.Object,System.Type[],System.Object[])">
            <summary>
            设置静态属性
            </summary>
            <param name="name">属性名称</param>
            <param name="bindingFlags">其他调用特性。</param>
            <param name="value">要设置到字段或属性的值</param>
            <param name="parameterTypes">表示供方法调用的<see cref="T:System.Type"/> 表示索引属性的参数编号、顺序和类型的对象。</param>
            <param name="args">要传递到成员以调用的参数。</param>
        </member>
        <member name="M:Microsoft.VisualStudio.TestTools.UnitTesting.PrivateType.InvokeHelperStatic(System.String,System.Reflection.BindingFlags,System.Object[],System.Globalization.CultureInfo)">
            <summary>
            调用静态方法
            </summary>
            <param name="name">成员名称</param>
            <param name="bindingFlags">其他调用特性</param>
            <param name="args">调用的参数</param>
            <param name="culture">区域性</param>
            <returns>调用的结果</returns>
        </member>
        <member name="T:Microsoft.VisualStudio.TestTools.UnitTesting.RuntimeTypeHelper">
            <summary>
            为泛型方法提供方法签名发现。
            </summary>
        </member>
        <member name="M:Microsoft.VisualStudio.TestTools.UnitTesting.RuntimeTypeHelper.CompareMethodSigAndName(System.Reflection.MethodBase,System.Reflection.MethodBase)">
            <summary>
            Compares the method signatures of these two methods.
            </summary>
            <param name="m1">Method1</param>
            <param name="m2">Method2</param>
            <returns>True if they are similiar.</returns>
        </member>
        <member name="M:Microsoft.VisualStudio.TestTools.UnitTesting.RuntimeTypeHelper.GetHierarchyDepth(System.Type)">
            <summary>
            Gets the hierarchy depty from the base type of the provided type.
            </summary>
            <param name="t">The type.</param>
            <returns>The depth.</returns>
        </member>
        <member name="M:Microsoft.VisualStudio.TestTools.UnitTesting.RuntimeTypeHelper.FindMostDerivedNewSlotMeth(System.Reflection.MethodBase[],System.Int32)">
            <summary>
            Finds most dervied type with the provided information.
            </summary>
            <param name="match">Candidate matches.</param>
            <param name="cMatches">Number of matches.</param>
            <returns>The most derived method.</returns>
        </member>
        <member name="M:Microsoft.VisualStudio.TestTools.UnitTesting.RuntimeTypeHelper.SelectMethod(System.Reflection.BindingFlags,System.Reflection.MethodBase[],System.Type[],System.Reflection.ParameterModifier[])">
            <summary>
            如果给定了一组与基础条件匹配的方法，则基于
            类型数组选择方法。如果没有方法与条件匹配，此方法应
            返回 null。
            </summary>
            <param name="bindingAttr">Binding specification.</param>
            <param name="match">Candidate matches</param>
            <param name="types">Types</param>
            <param name="modifiers">Parameter modifiers.</param>
            <returns>Matching method. Null if none matches.</returns>
        </member>
        <member name="M:Microsoft.VisualStudio.TestTools.UnitTesting.RuntimeTypeHelper.FindMostSpecificMethod(System.Reflection.MethodBase,System.Int32[],System.Type,System.Reflection.MethodBase,System.Int32[],System.Type,System.Type[],System.Object[])">
            <summary>
            Finds the most specific method in the two methods provided.
            </summary>
            <param name="m1">Method 1</param>
            <param name="paramOrder1">Parameter order for Method 1</param>
            <param name="paramArrayType1">Paramter array type.</param>
            <param name="m2">Method 2</param>
            <param name="paramOrder2">Parameter order for Method 2</param>
            <param name="paramArrayType2">&gt;Paramter array type.</param>
            <param name="types">Types to search in.</param>
            <param name="args">Args.</param>
            <returns>An int representing the match.</returns>
        </member>
        <member name="M:Microsoft.VisualStudio.TestTools.UnitTesting.RuntimeTypeHelper.FindMostSpecific(System.Reflection.ParameterInfo[],System.Int32[],System.Type,System.Reflection.ParameterInfo[],System.Int32[],System.Type,System.Type[],System.Object[])">
            <summary>
            Finds the most specific method in the two methods provided.
            </summary>
            <param name="p1">Method 1</param>
            <param name="paramOrder1">Parameter order for Method 1</param>
            <param name="paramArrayType1">Paramter array type.</param>
            <param name="p2">Method 2</param>
            <param name="paramOrder2">Parameter order for Method 2</param>
            <param name="paramArrayType2">&gt;Paramter array type.</param>
            <param name="types">Types to search in.</param>
            <param name="args">Args.</param>
            <returns>An int representing the match.</returns>
        </member>
        <member name="M:Microsoft.VisualStudio.TestTools.UnitTesting.RuntimeTypeHelper.FindMostSpecificType(System.Type,System.Type,System.Type)">
            <summary>
            Finds the most specific type in the two provided.
            </summary>
            <param name="c1">Type 1</param>
            <param name="c2">Type 2</param>
            <param name="t">The defining type</param>
            <returns>An int representing the match.</returns>
        </member>
        <member name="T:Microsoft.VisualStudio.TestTools.UnitTesting.TestContext">
            <summary>
            用于存储提供给单元测试的信息。
            </summary>
        </member>
        <member name="P:Microsoft.VisualStudio.TestTools.UnitTesting.TestContext.Properties">
            <summary>
            Gets per test properties
            </summary>
        </member>
        <member name="P:Microsoft.VisualStudio.TestTools.UnitTesting.TestContext.DataRow">
            <summary>
            Gets the current data row when test is used for data driven testing.
            </summary>
        </member>
        <member name="P:Microsoft.VisualStudio.TestTools.UnitTesting.TestContext.DataConnection">
            <summary>
            Gets current data connection row when test is used for data driven testing.
            </summary>
        </member>
        <member name="P:Microsoft.VisualStudio.TestTools.UnitTesting.TestContext.TestRunDirectory">
            <summary>
            Gets base directory for the test run, under which deployed files and result files are stored.
            </summary>
        </member>
        <member name="P:Microsoft.VisualStudio.TestTools.UnitTesting.TestContext.DeploymentDirectory">
            <summary>
            Gets directory for files deployed for the test run. Typically a subdirectory of <see cref="P:Microsoft.VisualStudio.TestTools.UnitTesting.TestContext.TestRunDirectory"/>。
            </summary>
        </member>
        <member name="P:Microsoft.VisualStudio.TestTools.UnitTesting.TestContext.ResultsDirectory">
            <summary>
            Gets base directory for results from the test run. Typically a subdirectory of <see cref="P:Microsoft.VisualStudio.TestTools.UnitTesting.TestContext.TestRunDirectory"/>。
            </summary>
        </member>
        <member name="P:Microsoft.VisualStudio.TestTools.UnitTesting.TestContext.TestRunResultsDirectory">
            <summary>
            Gets directory for test run result files. Typically a subdirectory of <see cref="P:Microsoft.VisualStudio.TestTools.UnitTesting.TestContext.ResultsDirectory"/>。
            </summary>
        </member>
        <member name="P:Microsoft.VisualStudio.TestTools.UnitTesting.TestContext.TestResultsDirectory">
            <summary>
            Gets directory for test result files.
            </summary>
        </member>
        <member name="P:Microsoft.VisualStudio.TestTools.UnitTesting.TestContext.TestDir">
            <summary>
            Gets base directory for the test run, under which deployed files and result files are stored.
            Same as <see cref="P:Microsoft.VisualStudio.TestTools.UnitTesting.TestContext.TestRunDirectory"/>。改为使用该属性。
            </summary>
        </member>
        <member name="P:Microsoft.VisualStudio.TestTools.UnitTesting.TestContext.TestDeploymentDir">
            <summary>
            Gets directory for files deployed for the test run. Typically a subdirectory of <see cref="P:Microsoft.VisualStudio.TestTools.UnitTesting.TestContext.TestRunDirectory"/>.
            Same as <see cref="P:Microsoft.VisualStudio.TestTools.UnitTesting.TestContext.DeploymentDirectory"/>。改为使用该属性。
            </summary>
        </member>
        <member name="P:Microsoft.VisualStudio.TestTools.UnitTesting.TestContext.TestLogsDir">
            <summary>
            Gets directory for test run result files. Typically a subdirectory of <see cref="P:Microsoft.VisualStudio.TestTools.UnitTesting.TestContext.ResultsDirectory"/>.
            Same as <see cref="P:Microsoft.VisualStudio.TestTools.UnitTesting.TestContext.TestRunResultsDirectory"/>。对测试运行结果文件使用该属性，或
            <see cref="P:Microsoft.VisualStudio.TestTools.UnitTesting.TestContext.TestResultsDirectory"/> 改为针对特定于测试的结果文件。
            </summary>
        </member>
        <member name="P:Microsoft.VisualStudio.TestTools.UnitTesting.TestContext.FullyQualifiedTestClassName">
            <summary>
            Gets the Fully-qualified name of the class containing the test method currently being executed
            </summary>
        </member>
        <member name="P:Microsoft.VisualStudio.TestTools.UnitTesting.TestContext.TestName">
            <summary>
            Gets the name of the test method currently being executed
            </summary>
        </member>
        <member name="P:Microsoft.VisualStudio.TestTools.UnitTesting.TestContext.CurrentTestOutcome">
            <summary>
            获取当前测试结果。
            </summary>
        </member>
        <member name="M:Microsoft.VisualStudio.TestTools.UnitTesting.TestContext.WriteLine(System.String)">
            <summary>
            用于在测试运行时写入跟踪消息
            </summary>
            <param name="message">格式化消息字符串</param>
        </member>
        <member name="M:Microsoft.VisualStudio.TestTools.UnitTesting.TestContext.WriteLine(System.String,System.Object[])">
            <summary>
            用于在测试运行时写入跟踪消息
            </summary>
            <param name="format">格式字符串</param>
            <param name="args">参数</param>
        </member>
        <member name="M:Microsoft.VisualStudio.TestTools.UnitTesting.TestContext.AddResultFile(System.String)">
            <summary>
            将文件名添加到 TestResult.ResultFileNames 中的列表
            </summary>
            <param name="fileName">
            文件名。
            </param>
        </member>
        <member name="M:Microsoft.VisualStudio.TestTools.UnitTesting.TestContext.BeginTimer(System.String)">
            <summary>
            启动具有指定名称的计时器
            </summary>
            <param name="timerName"> Name of the timer.</param>
        </member>
        <member name="M:Microsoft.VisualStudio.TestTools.UnitTesting.TestContext.EndTimer(System.String)">
            <summary>
            终止具有指定名称的计时器
            </summary>
            <param name="timerName"> Name of the timer.</param>
        </member>
    </members>
</doc>
