<?xml version="1.0"?>
<doc>
    <assembly>
        <name>Microsoft.VisualStudio.TestPlatform.TestFramework.Extensions</name>
    </assembly>
    <members>
        <member name="T:Microsoft.VisualStudio.TestTools.UnitTesting.DeploymentItemAttribute">
            <summary>
            Used to specify deployment item (file or directory) for per-test deployment.
            Can be specified on test class or test method.
            Can have multiple instances of the attribute to specify more than one item.
            The item path can be absolute or relative, if relative, it is relative to RunConfig.RelativePathRoot.
            </summary>
            <example>
            [DeploymentItem("file1.xml")]
            [DeploymentItem("file2.xml", "DataFiles")]
            [DeploymentItem("bin\Debug")]
            </example>
        </member>
        <member name="M:Microsoft.VisualStudio.TestTools.UnitTesting.DeploymentItemAttribute.#ctor(System.String)">
            <summary>
            Initializes a new instance of the <see cref="T:Microsoft.VisualStudio.TestTools.UnitTesting.DeploymentItemAttribute"/> class.
            </summary>
            <param name="path">The file or directory to deploy. The path is relative to the build output directory. The item will be copied to the same directory as the deployed test assemblies.</param>
        </member>
        <member name="M:Microsoft.VisualStudio.TestTools.UnitTesting.DeploymentItemAttribute.#ctor(System.String,System.String)">
            <summary>
            Initializes a new instance of the <see cref="T:Microsoft.VisualStudio.TestTools.UnitTesting.DeploymentItemAttribute"/> class
            </summary>
            <param name="path">The relative or absolute path to the file or directory to deploy. The path is relative to the build output directory. The item will be copied to the same directory as the deployed test assemblies.</param>
            <param name="outputDirectory">The path of the directory to which the items are to be copied. It can be either absolute or relative to the deployment directory. All files and directories identified by <paramref name="path"/> will be copied to this directory.</param>
        </member>
        <member name="P:Microsoft.VisualStudio.TestTools.UnitTesting.DeploymentItemAttribute.Path">
            <summary>
            Gets the path of the source file or folder to be copied.
            </summary>
        </member>
        <member name="P:Microsoft.VisualStudio.TestTools.UnitTesting.DeploymentItemAttribute.OutputDirectory">
            <summary>
            Gets the path of the directory to which the item is copied.
            </summary>
        </member>
        <member name="T:Microsoft.VisualStudio.TestTools.UnitTesting.ConfigurationNames">
            <summary>
            Содержит литералы для имен разделов, свойств и атрибутов.
            </summary>
        </member>
        <member name="F:Microsoft.VisualStudio.TestTools.UnitTesting.ConfigurationNames.SectionName">
            <summary>
            The configuration section name.
            </summary>
        </member>
        <member name="F:Microsoft.VisualStudio.TestTools.UnitTesting.ConfigurationNames.Beta2SectionName">
            <summary>
            The configuration section name for Beta2. Left around for compat.
            </summary>
        </member>
        <member name="F:Microsoft.VisualStudio.TestTools.UnitTesting.ConfigurationNames.DataSourcesSectionName">
            <summary>
            Section name for Data source.
            </summary>
        </member>
        <member name="F:Microsoft.VisualStudio.TestTools.UnitTesting.ConfigurationNames.NameAttributeName">
            <summary>
            Attribute name for 'Name'
            </summary>
        </member>
        <member name="F:Microsoft.VisualStudio.TestTools.UnitTesting.ConfigurationNames.ConnectionStringAttributeName">
            <summary>
            Attribute name for 'ConnectionString'
            </summary>
        </member>
        <member name="F:Microsoft.VisualStudio.TestTools.UnitTesting.ConfigurationNames.DataAccessMethodAttributeName">
            <summary>
            Attrbiute name for 'DataAccessMethod'
            </summary>
        </member>
        <member name="F:Microsoft.VisualStudio.TestTools.UnitTesting.ConfigurationNames.DataTableAttributeName">
            <summary>
            Attribute name for 'DataTable'
            </summary>
        </member>
        <member name="T:Microsoft.VisualStudio.TestTools.UnitTesting.DataSourceElement">
            <summary>
            Элемент источника данных.
            </summary>
        </member>
        <member name="P:Microsoft.VisualStudio.TestTools.UnitTesting.DataSourceElement.Name">
            <summary>
            Gets or sets the name of this configuration.
            </summary>
        </member>
        <member name="P:Microsoft.VisualStudio.TestTools.UnitTesting.DataSourceElement.ConnectionString">
            <summary>
            Gets or sets the ConnectionStringSettings element in &lt;connectionStrings&gt; section in the .config file.
            </summary>
        </member>
        <member name="P:Microsoft.VisualStudio.TestTools.UnitTesting.DataSourceElement.DataTableName">
            <summary>
            Gets or sets the name of the data table.
            </summary>
        </member>
        <member name="P:Microsoft.VisualStudio.TestTools.UnitTesting.DataSourceElement.DataAccessMethod">
            <summary>
            Gets or sets the type of data access.
            </summary>
        </member>
        <member name="P:Microsoft.VisualStudio.TestTools.UnitTesting.DataSourceElement.Key">
            <summary>
            Gets the key name.
            </summary>
        </member>
        <member name="P:Microsoft.VisualStudio.TestTools.UnitTesting.DataSourceElement.Properties">
            <summary>
            Получает свойства конфигурации.
            </summary>
        </member>
        <member name="T:Microsoft.VisualStudio.TestTools.UnitTesting.DataSourceElementCollection">
            <summary>
            Коллекция элементов источника данных.
            </summary>
        </member>
        <member name="M:Microsoft.VisualStudio.TestTools.UnitTesting.DataSourceElementCollection.#ctor">
            <summary>
            Initializes a new instance of the <see cref="T:Microsoft.VisualStudio.TestTools.UnitTesting.DataSourceElementCollection"/> class.
            </summary>
        </member>
        <member name="P:Microsoft.VisualStudio.TestTools.UnitTesting.DataSourceElementCollection.Item(System.String)">
            <summary>
            Возвращает элемент конфигурации с указанным ключом.
            </summary>
            <param name="name">Ключ возвращаемого элемента.</param>
            <returns>System.Configuration.ConfigurationElement с указанным ключом; в противном случае — NULL.</returns>
        </member>
        <member name="P:Microsoft.VisualStudio.TestTools.UnitTesting.DataSourceElementCollection.Item(System.Int32)">
            <summary>
            Получает элемент конфигурации по указанному индексу.
            </summary>
            <param name="index">Индекс возвращаемого элемента System.Configuration.ConfigurationElement.</param>
        </member>
        <member name="M:Microsoft.VisualStudio.TestTools.UnitTesting.DataSourceElementCollection.Add(Microsoft.VisualStudio.TestTools.UnitTesting.DataSourceElement)">
            <summary>
            Добавляет элемент конфигурации в коллекцию элементов конфигурации.
            </summary>
            <param name="element">Добавляемый элемент System.Configuration.ConfigurationElement.</param>
        </member>
        <member name="M:Microsoft.VisualStudio.TestTools.UnitTesting.DataSourceElementCollection.Remove(Microsoft.VisualStudio.TestTools.UnitTesting.DataSourceElement)">
            <summary>
            Удаляет System.Configuration.ConfigurationElement из коллекции.
            </summary>
            <param name="element"> <see cref="T:Microsoft.VisualStudio.TestTools.UnitTesting.DataSourceElement"/> .</param>
        </member>
        <member name="M:Microsoft.VisualStudio.TestTools.UnitTesting.DataSourceElementCollection.Remove(System.String)">
            <summary>
            Удаляет System.Configuration.ConfigurationElement из коллекции.
            </summary>
            <param name="name">Ключ удаляемого элемента System.Configuration.ConfigurationElement.</param>
        </member>
        <member name="M:Microsoft.VisualStudio.TestTools.UnitTesting.DataSourceElementCollection.Clear">
            <summary>
            Удаляет все объекты элементов конфигурации из коллекции.
            </summary>
        </member>
        <member name="M:Microsoft.VisualStudio.TestTools.UnitTesting.DataSourceElementCollection.CreateNewElement">
            <summary>
            Создает <see cref="T:Microsoft.VisualStudio.TestTools.UnitTesting.DataSourceElement"/>.
            </summary>
            <returns>Новый <see cref="T:Microsoft.VisualStudio.TestTools.UnitTesting.DataSourceElement"/>.</returns>
        </member>
        <member name="M:Microsoft.VisualStudio.TestTools.UnitTesting.DataSourceElementCollection.GetElementKey(System.Configuration.ConfigurationElement)">
            <summary>
            Получает ключ элемента для указанного элемента конфигурации.
            </summary>
            <param name="element">Элемент System.Configuration.ConfigurationElement, для которого возвращается ключ.</param>
            <returns>Объект System.Object, действующий как ключ для указанного элемента System.Configuration.ConfigurationElement.</returns>
        </member>
        <member name="M:Microsoft.VisualStudio.TestTools.UnitTesting.DataSourceElementCollection.BaseAdd(System.Configuration.ConfigurationElement)">
            <summary>
            Добавляет элемент конфигурации в коллекцию элементов конфигурации.
            </summary>
            <param name="element">Добавляемый элемент System.Configuration.ConfigurationElement.</param>
        </member>
        <member name="M:Microsoft.VisualStudio.TestTools.UnitTesting.DataSourceElementCollection.BaseAdd(System.Int32,System.Configuration.ConfigurationElement)">
            <summary>
            Добавляет элемент конфигурации в коллекцию элементов конфигурации.
            </summary>
            <param name="index">Индекс, по которому следует добавить указанный элемент System.Configuration.ConfigurationElement.</param>
            <param name="element">Добавляемый элемент System.Configuration.ConfigurationElement.</param>
        </member>
        <member name="T:Microsoft.VisualStudio.TestTools.UnitTesting.TestConfiguration">
            <summary>
            Поддержка параметров конфигурации для тестов.
            </summary>
        </member>
        <member name="P:Microsoft.VisualStudio.TestTools.UnitTesting.TestConfiguration.ConfigurationSection">
            <summary>
            Получает раздел конфигурации для тестов.
            </summary>
        </member>
        <member name="T:Microsoft.VisualStudio.TestTools.UnitTesting.TestConfigurationSection">
            <summary>
            Раздел конфигурации для тестов.
            </summary>
        </member>
        <member name="P:Microsoft.VisualStudio.TestTools.UnitTesting.TestConfigurationSection.DataSources">
            <summary>
            Gets the data sources for this configuration section.
            </summary>
        </member>
        <member name="P:Microsoft.VisualStudio.TestTools.UnitTesting.TestConfigurationSection.Properties">
            <summary>
            Получает коллекцию свойств.
            </summary>
            <returns>
             <see cref="T:System.Configuration.ConfigurationPropertyCollection"/> свойств для элемента.
            </returns>
        </member>
        <member name="T:Microsoft.VisualStudio.TestTools.UnitTesting.PrivateObject">
            <summary>
            This class represents the live NON public INTERNAL object in the system
            </summary>
        </member>
        <member name="M:Microsoft.VisualStudio.TestTools.UnitTesting.PrivateObject.#ctor(System.Object,System.String)">
            <summary>
            Initializes a new instance of the <see cref="T:Microsoft.VisualStudio.TestTools.UnitTesting.PrivateObject"/> class that contains
            the already existing object of the private class
            </summary>
            <param name="obj"> объект, который служит начальной точкой для доступа к закрытым элементам.</param>
            <param name="memberToAccess">Строка разыменования, в которой получаемый объект обозначается точкой, например m_X.m_Y.m_Z</param>
        </member>
        <member name="M:Microsoft.VisualStudio.TestTools.UnitTesting.PrivateObject.#ctor(System.String,System.String,System.Object[])">
            <summary>
            Initializes a new instance of the <see cref="T:Microsoft.VisualStudio.TestTools.UnitTesting.PrivateObject"/> class that wraps the
            specified type.
            </summary>
            <param name="assemblyName">Name of the assembly</param>
            <param name="typeName">полное имя</param>
            <param name="args">Аргументы, передаваемые в конструктор</param>
        </member>
        <member name="M:Microsoft.VisualStudio.TestTools.UnitTesting.PrivateObject.#ctor(System.String,System.String,System.Type[],System.Object[])">
            <summary>
            Initializes a new instance of the <see cref="T:Microsoft.VisualStudio.TestTools.UnitTesting.PrivateObject"/> class that wraps the
            specified type.
            </summary>
            <param name="assemblyName">Name of the assembly</param>
            <param name="typeName">полное имя</param>
            <param name="parameterTypes">Массив <see cref="T:System.Type"/> объектов, представляющих число, порядок и тип параметров, получаемых конструктором</param>
            <param name="args">Аргументы, передаваемые в конструктор</param>
        </member>
        <member name="M:Microsoft.VisualStudio.TestTools.UnitTesting.PrivateObject.#ctor(System.Type,System.Object[])">
            <summary>
            Initializes a new instance of the <see cref="T:Microsoft.VisualStudio.TestTools.UnitTesting.PrivateObject"/> class that wraps the
            specified type.
            </summary>
            <param name="type">тип создаваемого объекта</param>
            <param name="args">Аргументы, передаваемые в конструктор</param>
        </member>
        <member name="M:Microsoft.VisualStudio.TestTools.UnitTesting.PrivateObject.#ctor(System.Type,System.Type[],System.Object[])">
            <summary>
            Initializes a new instance of the <see cref="T:Microsoft.VisualStudio.TestTools.UnitTesting.PrivateObject"/> class that wraps the
            specified type.
            </summary>
            <param name="type">тип создаваемого объекта</param>
            <param name="parameterTypes">Массив <see cref="T:System.Type"/> объектов, представляющих число, порядок и тип параметров, получаемых конструктором</param>
            <param name="args">Аргументы, передаваемые в конструктор</param>
        </member>
        <member name="M:Microsoft.VisualStudio.TestTools.UnitTesting.PrivateObject.#ctor(System.Object)">
            <summary>
            Initializes a new instance of the <see cref="T:Microsoft.VisualStudio.TestTools.UnitTesting.PrivateObject"/> class that wraps
            the given object.
            </summary>
            <param name="obj">упаковываемый объект</param>
        </member>
        <member name="M:Microsoft.VisualStudio.TestTools.UnitTesting.PrivateObject.#ctor(System.Object,Microsoft.VisualStudio.TestTools.UnitTesting.PrivateType)">
            <summary>
            Initializes a new instance of the <see cref="T:Microsoft.VisualStudio.TestTools.UnitTesting.PrivateObject"/> class that wraps
            the given object.
            </summary>
            <param name="obj">упаковываемый объект</param>
            <param name="type">Объект PrivateType</param>
        </member>
        <member name="P:Microsoft.VisualStudio.TestTools.UnitTesting.PrivateObject.Target">
            <summary>
            Gets or sets the target
            </summary>
        </member>
        <member name="P:Microsoft.VisualStudio.TestTools.UnitTesting.PrivateObject.RealType">
            <summary>
            Gets the type of underlying object
            </summary>
        </member>
        <member name="M:Microsoft.VisualStudio.TestTools.UnitTesting.PrivateObject.GetHashCode">
            <summary>
            возвращает хэш-код целевого объекта
            </summary>
            <returns>целочисленное значение, представляющее хэш-код целевого объекта</returns>
        </member>
        <member name="M:Microsoft.VisualStudio.TestTools.UnitTesting.PrivateObject.Equals(System.Object)">
            <summary>
            Равенство
            </summary>
            <param name="obj">Объект, с которым будет выполняться сравнение</param>
            <returns>returns true if the objects are equal.</returns>
        </member>
        <member name="M:Microsoft.VisualStudio.TestTools.UnitTesting.PrivateObject.Invoke(System.String,System.Object[])">
            <summary>
            Вызывает указанный метод
            </summary>
            <param name="name">Name of the method</param>
            <param name="args">Аргументы, передаваемые в элемент для вызова.</param>
            <returns>Результат вызова метода</returns>
        </member>
        <member name="M:Microsoft.VisualStudio.TestTools.UnitTesting.PrivateObject.Invoke(System.String,System.Type[],System.Object[])">
            <summary>
            Вызывает указанный метод
            </summary>
            <param name="name">Name of the method</param>
            <param name="parameterTypes">Массив <see cref="T:System.Type"/> объектов, представляющих число, порядок и тип параметров, получаемых методом.</param>
            <param name="args">Аргументы, передаваемые в элемент для вызова.</param>
            <returns>Результат вызова метода</returns>
        </member>
        <member name="M:Microsoft.VisualStudio.TestTools.UnitTesting.PrivateObject.Invoke(System.String,System.Type[],System.Object[],System.Type[])">
            <summary>
            Вызывает указанный метод
            </summary>
            <param name="name">Name of the method</param>
            <param name="parameterTypes">Массив <see cref="T:System.Type"/> объектов, представляющих число, порядок и тип параметров, получаемых методом.</param>
            <param name="args">Аргументы, передаваемые в элемент для вызова.</param>
            <param name="typeArguments">Массив типов, соответствующих типам универсальных аргументов.</param>
            <returns>Результат вызова метода</returns>
        </member>
        <member name="M:Microsoft.VisualStudio.TestTools.UnitTesting.PrivateObject.Invoke(System.String,System.Object[],System.Globalization.CultureInfo)">
            <summary>
            Вызывает указанный метод
            </summary>
            <param name="name">Name of the method</param>
            <param name="args">Аргументы, передаваемые в элемент для вызова.</param>
            <param name="culture">Информация о языке и региональных параметрах</param>
            <returns>Результат вызова метода</returns>
        </member>
        <member name="M:Microsoft.VisualStudio.TestTools.UnitTesting.PrivateObject.Invoke(System.String,System.Type[],System.Object[],System.Globalization.CultureInfo)">
            <summary>
            Вызывает указанный метод
            </summary>
            <param name="name">Name of the method</param>
            <param name="parameterTypes">Массив <see cref="T:System.Type"/> объектов, представляющих число, порядок и тип параметров, получаемых методом.</param>
            <param name="args">Аргументы, передаваемые в элемент для вызова.</param>
            <param name="culture">Информация о языке и региональных параметрах</param>
            <returns>Результат вызова метода</returns>
        </member>
        <member name="M:Microsoft.VisualStudio.TestTools.UnitTesting.PrivateObject.Invoke(System.String,System.Reflection.BindingFlags,System.Object[])">
            <summary>
            Вызывает указанный метод
            </summary>
            <param name="name">Name of the method</param>
            <param name="bindingFlags">Битовая маска, состоящая из одного или нескольких объектов <see cref="T:System.Reflection.BindingFlags"/> которые определяют, как выполняется поиск.</param>
            <param name="args">Аргументы, передаваемые в элемент для вызова.</param>
            <returns>Результат вызова метода</returns>
        </member>
        <member name="M:Microsoft.VisualStudio.TestTools.UnitTesting.PrivateObject.Invoke(System.String,System.Reflection.BindingFlags,System.Type[],System.Object[])">
            <summary>
            Вызывает указанный метод
            </summary>
            <param name="name">Name of the method</param>
            <param name="bindingFlags">Битовая маска, состоящая из одного или нескольких объектов <see cref="T:System.Reflection.BindingFlags"/> которые определяют, как выполняется поиск.</param>
            <param name="parameterTypes">Массив <see cref="T:System.Type"/> объектов, представляющих число, порядок и тип параметров, получаемых методом.</param>
            <param name="args">Аргументы, передаваемые в элемент для вызова.</param>
            <returns>Результат вызова метода</returns>
        </member>
        <member name="M:Microsoft.VisualStudio.TestTools.UnitTesting.PrivateObject.Invoke(System.String,System.Reflection.BindingFlags,System.Object[],System.Globalization.CultureInfo)">
            <summary>
            Вызывает указанный метод
            </summary>
            <param name="name">Name of the method</param>
            <param name="bindingFlags">Битовая маска, состоящая из одного или нескольких объектов <see cref="T:System.Reflection.BindingFlags"/> которые определяют, как выполняется поиск.</param>
            <param name="args">Аргументы, передаваемые в элемент для вызова.</param>
            <param name="culture">Информация о языке и региональных параметрах</param>
            <returns>Результат вызова метода</returns>
        </member>
        <member name="M:Microsoft.VisualStudio.TestTools.UnitTesting.PrivateObject.Invoke(System.String,System.Reflection.BindingFlags,System.Type[],System.Object[],System.Globalization.CultureInfo)">
            <summary>
            Вызывает указанный метод
            </summary>
            <param name="name">Name of the method</param>
            <param name="bindingFlags">Битовая маска, состоящая из одного или нескольких объектов <see cref="T:System.Reflection.BindingFlags"/> которые определяют, как выполняется поиск.</param>
            <param name="parameterTypes">Массив <see cref="T:System.Type"/> объектов, представляющих число, порядок и тип параметров, получаемых методом.</param>
            <param name="args">Аргументы, передаваемые в элемент для вызова.</param>
            <param name="culture">Информация о языке и региональных параметрах</param>
            <returns>Результат вызова метода</returns>
        </member>
        <member name="M:Microsoft.VisualStudio.TestTools.UnitTesting.PrivateObject.Invoke(System.String,System.Reflection.BindingFlags,System.Type[],System.Object[],System.Globalization.CultureInfo,System.Type[])">
            <summary>
            Вызывает указанный метод
            </summary>
            <param name="name">Имя метода</param>
            <param name="bindingFlags">Битовая маска, состоящая из одного или нескольких объектов <see cref="T:System.Reflection.BindingFlags"/> которые определяют, как выполняется поиск.</param>
            <param name="parameterTypes">Массив <see cref="T:System.Type"/> объектов, представляющих число, порядок и тип параметров, получаемых методом.</param>
            <param name="args">Аргументы, передаваемые в элемент для вызова.</param>
            <param name="culture">Информация о языке и региональных параметрах</param>
            <param name="typeArguments">Массив типов, соответствующих типам универсальных аргументов.</param>
            <returns>Результат вызова метода</returns>
        </member>
        <member name="M:Microsoft.VisualStudio.TestTools.UnitTesting.PrivateObject.GetArrayElement(System.String,System.Int32[])">
            <summary>
            Gets the array element using array of subsrcipts for each dimension
            </summary>
            <param name="name">Name of the member</param>
            <param name="indices">индексы массива</param>
            <returns>An arrya of elements.</returns>
        </member>
        <member name="M:Microsoft.VisualStudio.TestTools.UnitTesting.PrivateObject.SetArrayElement(System.String,System.Object,System.Int32[])">
            <summary>
            Sets the array element using array of subsrcipts for each dimension
            </summary>
            <param name="name">Name of the member</param>
            <param name="value">Задаваемое значение</param>
            <param name="indices">индексы массива</param>
        </member>
        <member name="M:Microsoft.VisualStudio.TestTools.UnitTesting.PrivateObject.GetArrayElement(System.String,System.Reflection.BindingFlags,System.Int32[])">
            <summary>
            Gets the array element using array of subsrcipts for each dimension
            </summary>
            <param name="name">Name of the member</param>
            <param name="bindingFlags">Битовая маска, состоящая из одного или нескольких объектов <see cref="T:System.Reflection.BindingFlags"/> которые определяют, как выполняется поиск.</param>
            <param name="indices">индексы массива</param>
            <returns>An arrya of elements.</returns>
        </member>
        <member name="M:Microsoft.VisualStudio.TestTools.UnitTesting.PrivateObject.SetArrayElement(System.String,System.Reflection.BindingFlags,System.Object,System.Int32[])">
            <summary>
            Sets the array element using array of subsrcipts for each dimension
            </summary>
            <param name="name">Name of the member</param>
            <param name="bindingFlags">Битовая маска, состоящая из одного или нескольких объектов <see cref="T:System.Reflection.BindingFlags"/> которые определяют, как выполняется поиск.</param>
            <param name="value">Задаваемое значение</param>
            <param name="indices">индексы массива</param>
        </member>
        <member name="M:Microsoft.VisualStudio.TestTools.UnitTesting.PrivateObject.GetField(System.String)">
            <summary>
            Получить поле
            </summary>
            <param name="name">Name of the field</param>
            <returns>The field.</returns>
        </member>
        <member name="M:Microsoft.VisualStudio.TestTools.UnitTesting.PrivateObject.SetField(System.String,System.Object)">
            <summary>
            Присваивает значение полю
            </summary>
            <param name="name">Name of the field</param>
            <param name="value">задаваемое значение</param>
        </member>
        <member name="M:Microsoft.VisualStudio.TestTools.UnitTesting.PrivateObject.GetField(System.String,System.Reflection.BindingFlags)">
            <summary>
            Получает поле
            </summary>
            <param name="name">Name of the field</param>
            <param name="bindingFlags">Битовая маска, состоящая из одного или нескольких объектов <see cref="T:System.Reflection.BindingFlags"/> которые определяют, как выполняется поиск.</param>
            <returns>The field.</returns>
        </member>
        <member name="M:Microsoft.VisualStudio.TestTools.UnitTesting.PrivateObject.SetField(System.String,System.Reflection.BindingFlags,System.Object)">
            <summary>
            Присваивает значение полю
            </summary>
            <param name="name">Name of the field</param>
            <param name="bindingFlags">Битовая маска, состоящая из одного или нескольких объектов <see cref="T:System.Reflection.BindingFlags"/> которые определяют, как выполняется поиск.</param>
            <param name="value">задаваемое значение</param>
        </member>
        <member name="M:Microsoft.VisualStudio.TestTools.UnitTesting.PrivateObject.GetFieldOrProperty(System.String)">
            <summary>
            Получает поле или свойство
            </summary>
            <param name="name">Имя поля или свойства</param>
            <returns>The field or property.</returns>
        </member>
        <member name="M:Microsoft.VisualStudio.TestTools.UnitTesting.PrivateObject.SetFieldOrProperty(System.String,System.Object)">
            <summary>
            Присваивает значение полю или свойству
            </summary>
            <param name="name">Имя поля или свойства</param>
            <param name="value">задаваемое значение</param>
        </member>
        <member name="M:Microsoft.VisualStudio.TestTools.UnitTesting.PrivateObject.GetFieldOrProperty(System.String,System.Reflection.BindingFlags)">
            <summary>
            Получает поле или свойство
            </summary>
            <param name="name">Имя поля или свойства</param>
            <param name="bindingFlags">Битовая маска, состоящая из одного или нескольких объектов <see cref="T:System.Reflection.BindingFlags"/> которые определяют, как выполняется поиск.</param>
            <returns>The field or property.</returns>
        </member>
        <member name="M:Microsoft.VisualStudio.TestTools.UnitTesting.PrivateObject.SetFieldOrProperty(System.String,System.Reflection.BindingFlags,System.Object)">
            <summary>
            Присваивает значение полю или свойству
            </summary>
            <param name="name">Имя поля или свойства</param>
            <param name="bindingFlags">Битовая маска, состоящая из одного или нескольких объектов <see cref="T:System.Reflection.BindingFlags"/> которые определяют, как выполняется поиск.</param>
            <param name="value">задаваемое значение</param>
        </member>
        <member name="M:Microsoft.VisualStudio.TestTools.UnitTesting.PrivateObject.GetProperty(System.String,System.Object[])">
            <summary>
            Получает свойство
            </summary>
            <param name="name">Имя свойства</param>
            <param name="args">Аргументы, передаваемые в элемент для вызова.</param>
            <returns>The property.</returns>
        </member>
        <member name="M:Microsoft.VisualStudio.TestTools.UnitTesting.PrivateObject.GetProperty(System.String,System.Type[],System.Object[])">
            <summary>
            Получает свойство
            </summary>
            <param name="name">Имя свойства</param>
            <param name="parameterTypes">Массив <see cref="T:System.Type"/> объектов, представляющих число, порядок и тип параметров для проиндексированного свойства.</param>
            <param name="args">Аргументы, передаваемые в элемент для вызова.</param>
            <returns>The property.</returns>
        </member>
        <member name="M:Microsoft.VisualStudio.TestTools.UnitTesting.PrivateObject.SetProperty(System.String,System.Object,System.Object[])">
            <summary>
            Задать свойство
            </summary>
            <param name="name">Имя свойства</param>
            <param name="value">задаваемое значение</param>
            <param name="args">Аргументы, передаваемые в элемент для вызова.</param>
        </member>
        <member name="M:Microsoft.VisualStudio.TestTools.UnitTesting.PrivateObject.SetProperty(System.String,System.Type[],System.Object,System.Object[])">
            <summary>
            Задать свойство
            </summary>
            <param name="name">Имя свойства</param>
            <param name="parameterTypes">Массив <see cref="T:System.Type"/> объектов, представляющих число, порядок и тип параметров для проиндексированного свойства.</param>
            <param name="value">задаваемое значение</param>
            <param name="args">Аргументы, передаваемые в элемент для вызова.</param>
        </member>
        <member name="M:Microsoft.VisualStudio.TestTools.UnitTesting.PrivateObject.GetProperty(System.String,System.Reflection.BindingFlags,System.Object[])">
            <summary>
            Получает свойство
            </summary>
            <param name="name">Name of the property</param>
            <param name="bindingFlags">Битовая маска, состоящая из одного или нескольких объектов <see cref="T:System.Reflection.BindingFlags"/> которые определяют, как выполняется поиск.</param>
            <param name="args">Аргументы, передаваемые в элемент для вызова.</param>
            <returns>The property.</returns>
        </member>
        <member name="M:Microsoft.VisualStudio.TestTools.UnitTesting.PrivateObject.GetProperty(System.String,System.Reflection.BindingFlags,System.Type[],System.Object[])">
            <summary>
            Получает свойство
            </summary>
            <param name="name">Name of the property</param>
            <param name="bindingFlags">Битовая маска, состоящая из одного или нескольких объектов <see cref="T:System.Reflection.BindingFlags"/> которые определяют, как выполняется поиск.</param>
            <param name="parameterTypes">Массив <see cref="T:System.Type"/> объектов, представляющих число, порядок и тип параметров для проиндексированного свойства.</param>
            <param name="args">Аргументы, передаваемые в элемент для вызова.</param>
            <returns>The property.</returns>
        </member>
        <member name="M:Microsoft.VisualStudio.TestTools.UnitTesting.PrivateObject.SetProperty(System.String,System.Reflection.BindingFlags,System.Object,System.Object[])">
            <summary>
            Присваивает значение свойству
            </summary>
            <param name="name">Имя свойства</param>
            <param name="bindingFlags">Битовая маска, состоящая из одного или нескольких объектов <see cref="T:System.Reflection.BindingFlags"/> которые определяют, как выполняется поиск.</param>
            <param name="value">задаваемое значение</param>
            <param name="args">Аргументы, передаваемые в элемент для вызова.</param>
        </member>
        <member name="M:Microsoft.VisualStudio.TestTools.UnitTesting.PrivateObject.SetProperty(System.String,System.Reflection.BindingFlags,System.Object,System.Type[],System.Object[])">
            <summary>
            Присваивает значение свойству
            </summary>
            <param name="name">Имя свойства</param>
            <param name="bindingFlags">Битовая маска, состоящая из одного или нескольких объектов <see cref="T:System.Reflection.BindingFlags"/> которые определяют, как выполняется поиск.</param>
            <param name="value">задаваемое значение</param>
            <param name="parameterTypes">Массив <see cref="T:System.Type"/> объектов, представляющих число, порядок и тип параметров для проиндексированного свойства.</param>
            <param name="args">Аргументы, передаваемые в элемент для вызова.</param>
        </member>
        <member name="M:Microsoft.VisualStudio.TestTools.UnitTesting.PrivateObject.ValidateAccessString(System.String)">
            <summary>
            Проверка строки доступа
            </summary>
            <param name="access"> строка доступа</param>
        </member>
        <member name="M:Microsoft.VisualStudio.TestTools.UnitTesting.PrivateObject.InvokeHelper(System.String,System.Reflection.BindingFlags,System.Object[],System.Globalization.CultureInfo)">
            <summary>
            Вызывает элемент
            </summary>
            <param name="name">Name of the member</param>
            <param name="bindingFlags">Дополнительные атрибуты</param>
            <param name="args">Аргумент для вызова</param>
            <param name="culture">Язык и региональные параметры</param>
            <returns>Результат вызова</returns>
        </member>
        <member name="M:Microsoft.VisualStudio.TestTools.UnitTesting.PrivateObject.GetGenericMethodFromCache(System.String,System.Type[],System.Type[],System.Reflection.BindingFlags,System.Reflection.ParameterModifier[])">
            <summary>
            Извлекает наиболее подходящую сигнатуру универсального метода из текущего закрытого типа.
            </summary>
            <param name="methodName">Имя метода, в котором будет искаться кэш сигнатуры.</param>
            <param name="parameterTypes">Массив типов, соответствующих типам параметров, в которых будет осуществляться поиск.</param>
            <param name="typeArguments">Массив типов, соответствующих типам универсальных аргументов.</param>
            <param name="bindingFlags"><see cref="T:System.Reflection.BindingFlags"/> для дальнейшей фильтрации сигнатур методов.</param>
            <param name="modifiers">Modifiers for parameters.</param>
            <returns>A methodinfo instance.</returns>
        </member>
        <member name="T:Microsoft.VisualStudio.TestTools.UnitTesting.PrivateType">
            <summary>
            This class represents a private class for the Private Accessor functionality.
            </summary>
        </member>
        <member name="F:Microsoft.VisualStudio.TestTools.UnitTesting.PrivateType.BindToEveryThing">
            <summary>
            Привязка ко всему
            </summary>
        </member>
        <member name="F:Microsoft.VisualStudio.TestTools.UnitTesting.PrivateType.type">
            <summary>
            The wrapped type.
            </summary>
        </member>
        <member name="M:Microsoft.VisualStudio.TestTools.UnitTesting.PrivateType.#ctor(System.String,System.String)">
            <summary>
            Initializes a new instance of the <see cref="T:Microsoft.VisualStudio.TestTools.UnitTesting.PrivateType"/> class that contains the private type.
            </summary>
            <param name="assemblyName">Имя сборки</param>
            <param name="typeName">полное имя </param>
        </member>
        <member name="M:Microsoft.VisualStudio.TestTools.UnitTesting.PrivateType.#ctor(System.Type)">
            <summary>
            Initializes a new instance of the <see cref="T:Microsoft.VisualStudio.TestTools.UnitTesting.PrivateType"/> class that contains
            the private type from the type object
            </summary>
            <param name="type">Упакованный создаваемый тип.</param>
        </member>
        <member name="P:Microsoft.VisualStudio.TestTools.UnitTesting.PrivateType.ReferencedType">
            <summary>
            Получает тип, на который была сделана ссылка
            </summary>
        </member>
        <member name="M:Microsoft.VisualStudio.TestTools.UnitTesting.PrivateType.InvokeStatic(System.String,System.Object[])">
            <summary>
            Вызывает статический элемент
            </summary>
            <param name="name">Имя элемента InvokeHelper</param>
            <param name="args">Аргументы для вызова</param>
            <returns>Результат вызова</returns>
        </member>
        <member name="M:Microsoft.VisualStudio.TestTools.UnitTesting.PrivateType.InvokeStatic(System.String,System.Type[],System.Object[])">
            <summary>
            Вызывает статический элемент
            </summary>
            <param name="name">Имя элемента InvokeHelper</param>
            <param name="parameterTypes">Массив <see cref="T:System.Type"/> объектов, представляющих число, порядок и тип параметров для вызываемого метода</param>
            <param name="args">Аргументы для вызова</param>
            <returns>Результат вызова</returns>
        </member>
        <member name="M:Microsoft.VisualStudio.TestTools.UnitTesting.PrivateType.InvokeStatic(System.String,System.Type[],System.Object[],System.Type[])">
            <summary>
            Вызывает статический элемент
            </summary>
            <param name="name">Имя элемента InvokeHelper</param>
            <param name="parameterTypes">Массив <see cref="T:System.Type"/> объектов, представляющих число, порядок и тип параметров для вызываемого метода</param>
            <param name="args">Аргументы для вызова</param>
            <param name="typeArguments">Массив типов, соответствующих типам универсальных аргументов.</param>
            <returns>Результат вызова</returns>
        </member>
        <member name="M:Microsoft.VisualStudio.TestTools.UnitTesting.PrivateType.InvokeStatic(System.String,System.Object[],System.Globalization.CultureInfo)">
            <summary>
            Вызывает статический метод
            </summary>
            <param name="name">Name of the member</param>
            <param name="args">Аргументы для вызова</param>
            <param name="culture">Язык и региональные параметры</param>
            <returns>Результат вызова</returns>
        </member>
        <member name="M:Microsoft.VisualStudio.TestTools.UnitTesting.PrivateType.InvokeStatic(System.String,System.Type[],System.Object[],System.Globalization.CultureInfo)">
            <summary>
            Вызывает статический метод
            </summary>
            <param name="name">Name of the member</param>
            <param name="parameterTypes">Массив <see cref="T:System.Type"/> объектов, представляющих число, порядок и тип параметров для вызываемого метода</param>
            <param name="args">Аргументы для вызова</param>
            <param name="culture">Информация о языке и региональных параметрах</param>
            <returns>Результат вызова</returns>
        </member>
        <member name="M:Microsoft.VisualStudio.TestTools.UnitTesting.PrivateType.InvokeStatic(System.String,System.Reflection.BindingFlags,System.Object[])">
            <summary>
            Вызывает статический метод
            </summary>
            <param name="name">Name of the member</param>
            <param name="bindingFlags">Дополнительные атрибуты вызова</param>
            <param name="args">Аргументы для вызова</param>
            <returns>Результат вызова</returns>
        </member>
        <member name="M:Microsoft.VisualStudio.TestTools.UnitTesting.PrivateType.InvokeStatic(System.String,System.Reflection.BindingFlags,System.Type[],System.Object[])">
            <summary>
            Вызывает статический метод
            </summary>
            <param name="name">Name of the member</param>
            <param name="bindingFlags">Дополнительные атрибуты вызова</param>
            <param name="parameterTypes">Массив <see cref="T:System.Type"/> объектов, представляющих число, порядок и тип параметров для вызываемого метода</param>
            <param name="args">Аргументы для вызова</param>
            <returns>Результат вызова</returns>
        </member>
        <member name="M:Microsoft.VisualStudio.TestTools.UnitTesting.PrivateType.InvokeStatic(System.String,System.Reflection.BindingFlags,System.Object[],System.Globalization.CultureInfo)">
            <summary>
            Вызывает статический метод
            </summary>
            <param name="name">Имя элемента</param>
            <param name="bindingFlags">Дополнительные атрибуты вызова</param>
            <param name="args">Аргументы для вызова</param>
            <param name="culture">Язык и региональные параметры</param>
            <returns>Результат вызова</returns>
        </member>
        <member name="M:Microsoft.VisualStudio.TestTools.UnitTesting.PrivateType.InvokeStatic(System.String,System.Reflection.BindingFlags,System.Type[],System.Object[],System.Globalization.CultureInfo)">
            <summary>
            Вызывает статический метод
            </summary>
            <param name="name">Имя элемента</param>
            <param name="bindingFlags">Дополнительные атрибуты вызова</param>
            /// <param name="parameterTypes">Массив <see cref="T:System.Type"/> объектов, представляющих число, порядок и тип параметров для вызываемого метода</param>
            <param name="args">Аргументы для вызова</param>
            <param name="culture">Язык и региональные параметры</param>
            <returns>Результат вызова</returns>
        </member>
        <member name="M:Microsoft.VisualStudio.TestTools.UnitTesting.PrivateType.InvokeStatic(System.String,System.Reflection.BindingFlags,System.Type[],System.Object[],System.Globalization.CultureInfo,System.Type[])">
            <summary>
            Вызывает статический метод
            </summary>
            <param name="name">Имя элемента</param>
            <param name="bindingFlags">Дополнительные атрибуты вызова</param>
            /// <param name="parameterTypes">Массив <see cref="T:System.Type"/> объектов, представляющих число, порядок и тип параметров для вызываемого метода</param>
            <param name="args">Аргументы для вызова</param>
            <param name="culture">Язык и региональные параметры</param>
            <param name="typeArguments">Массив типов, соответствующих типам универсальных аргументов.</param>
            <returns>Результат вызова</returns>
        </member>
        <member name="M:Microsoft.VisualStudio.TestTools.UnitTesting.PrivateType.GetStaticArrayElement(System.String,System.Int32[])">
            <summary>
            Получает элемент из статического массива
            </summary>
            <param name="name">Name of the array</param>
            <param name="indices">
            Одномерный массив 32-разрядных целых чисел, которые являются индексами, указывающими
            положение получаемого элемента. Например, чтобы получить доступ к a[10][11], нужны индексы {10,11}
            </param>
            <returns>элемент в указанном расположении</returns>
        </member>
        <member name="M:Microsoft.VisualStudio.TestTools.UnitTesting.PrivateType.SetStaticArrayElement(System.String,System.Object,System.Int32[])">
            <summary>
            Присваивает значение элементу статического массива
            </summary>
            <param name="name">Name of the array</param>
            <param name="value">задаваемое значение</param>
            <param name="indices">
            Одномерный массив 32-разрядных целых чисел, которые представляют индексы, указывающие
            положение задаваемого элемента. Например, чтобы получить доступ к a[10][11], нужен массив {10,11}
            </param>
        </member>
        <member name="M:Microsoft.VisualStudio.TestTools.UnitTesting.PrivateType.GetStaticArrayElement(System.String,System.Reflection.BindingFlags,System.Int32[])">
            <summary>
            Gets the element in satatic array
            </summary>
            <param name="name">Name of the array</param>
            <param name="bindingFlags">Дополнительные атрибуты InvokeHelper</param>
            <param name="indices">
            Одномерный массив 32-разрядных целых чисел, которые представляют индексы, указывающие
            положение получаемого элемента. Например, чтобы получить доступ к a[10][11], нужен массив {10,11}
            </param>
            <returns>элемент в указанном расположении</returns>
        </member>
        <member name="M:Microsoft.VisualStudio.TestTools.UnitTesting.PrivateType.SetStaticArrayElement(System.String,System.Reflection.BindingFlags,System.Object,System.Int32[])">
            <summary>
            Присваивает значение элементу статического массива
            </summary>
            <param name="name">Name of the array</param>
            <param name="bindingFlags">Дополнительные атрибуты InvokeHelper</param>
            <param name="value">задаваемое значение</param>
            <param name="indices">
            Одномерный массив 32-разрядных целых чисел, которые представляют индексы, указывающие
            положение задаваемого элемента. Например, чтобы получить доступ к a[10][11], нужен массив {10,11}
            </param>
        </member>
        <member name="M:Microsoft.VisualStudio.TestTools.UnitTesting.PrivateType.GetStaticField(System.String)">
            <summary>
            Получает статическое поле
            </summary>
            <param name="name">Имя поля</param>
            <returns>The static field.</returns>
        </member>
        <member name="M:Microsoft.VisualStudio.TestTools.UnitTesting.PrivateType.SetStaticField(System.String,System.Object)">
            <summary>
            Присваивает значение статическому полю
            </summary>
            <param name="name">Имя поля</param>
            <param name="value">Аргумент для вызова</param>
        </member>
        <member name="M:Microsoft.VisualStudio.TestTools.UnitTesting.PrivateType.GetStaticField(System.String,System.Reflection.BindingFlags)">
            <summary>
            Получает статическое поле с использованием указанных атрибутов InvokeHelper
            </summary>
            <param name="name">Имя поля</param>
            <param name="bindingFlags">Дополнительные атрибуты вызова</param>
            <returns>The static field.</returns>
        </member>
        <member name="M:Microsoft.VisualStudio.TestTools.UnitTesting.PrivateType.SetStaticField(System.String,System.Reflection.BindingFlags,System.Object)">
            <summary>
            Присваивает значение статическому полю при помощи атрибутов привязки
            </summary>
            <param name="name">Имя поля</param>
            <param name="bindingFlags">Дополнительные атрибуты InvokeHelper</param>
            <param name="value">Аргумент для вызова</param>
        </member>
        <member name="M:Microsoft.VisualStudio.TestTools.UnitTesting.PrivateType.GetStaticFieldOrProperty(System.String)">
            <summary>
            Получает статическое поле или свойство
            </summary>
            <param name="name">Имя поля или свойства</param>
            <returns>The static field or property.</returns>
        </member>
        <member name="M:Microsoft.VisualStudio.TestTools.UnitTesting.PrivateType.SetStaticFieldOrProperty(System.String,System.Object)">
            <summary>
            Присваивает значение статическому полю или свойству
            </summary>
            <param name="name">Имя поля или свойства</param>
            <param name="value">Значение, присваиваемое полю или свойству</param>
        </member>
        <member name="M:Microsoft.VisualStudio.TestTools.UnitTesting.PrivateType.GetStaticFieldOrProperty(System.String,System.Reflection.BindingFlags)">
            <summary>
            Получает статическое поле или свойство с использованием указанных атрибутов InvokeHelper
            </summary>
            <param name="name">Имя поля или свойства</param>
            <param name="bindingFlags">Дополнительные атрибуты вызова</param>
            <returns>The static field or property.</returns>
        </member>
        <member name="M:Microsoft.VisualStudio.TestTools.UnitTesting.PrivateType.SetStaticFieldOrProperty(System.String,System.Reflection.BindingFlags,System.Object)">
            <summary>
            Присваивает значение статическому полю или свойству при помощи атрибутов привязки
            </summary>
            <param name="name">Имя поля или свойства</param>
            <param name="bindingFlags">Дополнительные атрибуты вызова</param>
            <param name="value">Значение, присваиваемое полю или свойству</param>
        </member>
        <member name="M:Microsoft.VisualStudio.TestTools.UnitTesting.PrivateType.GetStaticProperty(System.String,System.Object[])">
            <summary>
            Получает статическое свойство
            </summary>
            <param name="name">Имя поля или свойства</param>
            <param name="args">Аргументы для вызова</param>
            <returns>The static property.</returns>
        </member>
        <member name="M:Microsoft.VisualStudio.TestTools.UnitTesting.PrivateType.SetStaticProperty(System.String,System.Object,System.Object[])">
            <summary>
            Присваивает значение статическому свойству
            </summary>
            <param name="name">Имя свойства</param>
            <param name="value">Значение, присваиваемое полю или свойству</param>
            <param name="args">Аргументы, передаваемые в элемент для вызова.</param>
        </member>
        <member name="M:Microsoft.VisualStudio.TestTools.UnitTesting.PrivateType.SetStaticProperty(System.String,System.Object,System.Type[],System.Object[])">
            <summary>
            Присваивает значение статическому свойству
            </summary>
            <param name="name">Имя свойства</param>
            <param name="value">Значение, присваиваемое полю или свойству</param>
            <param name="parameterTypes">Массив <see cref="T:System.Type"/> объектов, представляющих число, порядок и тип параметров для проиндексированного свойства.</param>
            <param name="args">Аргументы, передаваемые в элемент для вызова.</param>
        </member>
        <member name="M:Microsoft.VisualStudio.TestTools.UnitTesting.PrivateType.GetStaticProperty(System.String,System.Reflection.BindingFlags,System.Object[])">
            <summary>
            Получает статическое свойство
            </summary>
            <param name="name">Имя свойства</param>
            <param name="bindingFlags">Дополнительные атрибуты вызова.</param>
            <param name="args">Аргументы, передаваемые в элемент для вызова.</param>
            <returns>The static property.</returns>
        </member>
        <member name="M:Microsoft.VisualStudio.TestTools.UnitTesting.PrivateType.GetStaticProperty(System.String,System.Reflection.BindingFlags,System.Type[],System.Object[])">
            <summary>
            Получает статическое свойство
            </summary>
            <param name="name">Имя свойства</param>
            <param name="bindingFlags">Дополнительные атрибуты вызова.</param>
            <param name="parameterTypes">Массив <see cref="T:System.Type"/> объектов, представляющих число, порядок и тип параметров для проиндексированного свойства.</param>
            <param name="args">Аргументы, передаваемые в элемент для вызова.</param>
            <returns>The static property.</returns>
        </member>
        <member name="M:Microsoft.VisualStudio.TestTools.UnitTesting.PrivateType.SetStaticProperty(System.String,System.Reflection.BindingFlags,System.Object,System.Object[])">
            <summary>
            Присваивает значение статическому свойству
            </summary>
            <param name="name">Имя свойства</param>
            <param name="bindingFlags">Дополнительные атрибуты вызова.</param>
            <param name="value">Значение, присваиваемое полю или свойству</param>
            <param name="args">Необязательные значения индекса для индексируемых свойств. Индексы для индексируемых свойств отсчитываются от нуля. Для неиндексируемых свойств это значение должно быть равно NULL. </param>
        </member>
        <member name="M:Microsoft.VisualStudio.TestTools.UnitTesting.PrivateType.SetStaticProperty(System.String,System.Reflection.BindingFlags,System.Object,System.Type[],System.Object[])">
            <summary>
            Присваивает значение статическому свойству
            </summary>
            <param name="name">Имя свойства</param>
            <param name="bindingFlags">Дополнительные атрибуты вызова.</param>
            <param name="value">Значение, присваиваемое полю или свойству</param>
            <param name="parameterTypes">Массив <see cref="T:System.Type"/> объектов, представляющих число, порядок и тип параметров для проиндексированного свойства.</param>
            <param name="args">Аргументы, передаваемые в элемент для вызова.</param>
        </member>
        <member name="M:Microsoft.VisualStudio.TestTools.UnitTesting.PrivateType.InvokeHelperStatic(System.String,System.Reflection.BindingFlags,System.Object[],System.Globalization.CultureInfo)">
            <summary>
            Вызывает статический метод
            </summary>
            <param name="name">Имя элемента</param>
            <param name="bindingFlags">Дополнительные атрибуты вызова</param>
            <param name="args">Аргументы для вызова</param>
            <param name="culture">Язык и региональные параметры</param>
            <returns>Результат вызова</returns>
        </member>
        <member name="T:Microsoft.VisualStudio.TestTools.UnitTesting.RuntimeTypeHelper">
            <summary>
            Предоставляет обнаружение сигнатуры методов для универсальных методов.
            </summary>
        </member>
        <member name="M:Microsoft.VisualStudio.TestTools.UnitTesting.RuntimeTypeHelper.CompareMethodSigAndName(System.Reflection.MethodBase,System.Reflection.MethodBase)">
            <summary>
            Compares the method signatures of these two methods.
            </summary>
            <param name="m1">Method1</param>
            <param name="m2">Method2</param>
            <returns>True if they are similiar.</returns>
        </member>
        <member name="M:Microsoft.VisualStudio.TestTools.UnitTesting.RuntimeTypeHelper.GetHierarchyDepth(System.Type)">
            <summary>
            Gets the hierarchy depty from the base type of the provided type.
            </summary>
            <param name="t">The type.</param>
            <returns>The depth.</returns>
        </member>
        <member name="M:Microsoft.VisualStudio.TestTools.UnitTesting.RuntimeTypeHelper.FindMostDerivedNewSlotMeth(System.Reflection.MethodBase[],System.Int32)">
            <summary>
            Finds most dervied type with the provided information.
            </summary>
            <param name="match">Candidate matches.</param>
            <param name="cMatches">Number of matches.</param>
            <returns>The most derived method.</returns>
        </member>
        <member name="M:Microsoft.VisualStudio.TestTools.UnitTesting.RuntimeTypeHelper.SelectMethod(System.Reflection.BindingFlags,System.Reflection.MethodBase[],System.Type[],System.Reflection.ParameterModifier[])">
            <summary>
            Выбор метода на основе массива типов с учетом набора методов, соответствующих базовому условию.
            Если методов, соответствующих условию, нет,
            метод должен возвращать NULL.
            </summary>
            <param name="bindingAttr">Binding specification.</param>
            <param name="match">Candidate matches</param>
            <param name="types">Types</param>
            <param name="modifiers">Parameter modifiers.</param>
            <returns>Matching method. Null if none matches.</returns>
        </member>
        <member name="M:Microsoft.VisualStudio.TestTools.UnitTesting.RuntimeTypeHelper.FindMostSpecificMethod(System.Reflection.MethodBase,System.Int32[],System.Type,System.Reflection.MethodBase,System.Int32[],System.Type,System.Type[],System.Object[])">
            <summary>
            Finds the most specific method in the two methods provided.
            </summary>
            <param name="m1">Method 1</param>
            <param name="paramOrder1">Parameter order for Method 1</param>
            <param name="paramArrayType1">Paramter array type.</param>
            <param name="m2">Method 2</param>
            <param name="paramOrder2">Parameter order for Method 2</param>
            <param name="paramArrayType2">&gt;Paramter array type.</param>
            <param name="types">Types to search in.</param>
            <param name="args">Args.</param>
            <returns>An int representing the match.</returns>
        </member>
        <member name="M:Microsoft.VisualStudio.TestTools.UnitTesting.RuntimeTypeHelper.FindMostSpecific(System.Reflection.ParameterInfo[],System.Int32[],System.Type,System.Reflection.ParameterInfo[],System.Int32[],System.Type,System.Type[],System.Object[])">
            <summary>
            Finds the most specific method in the two methods provided.
            </summary>
            <param name="p1">Method 1</param>
            <param name="paramOrder1">Parameter order for Method 1</param>
            <param name="paramArrayType1">Paramter array type.</param>
            <param name="p2">Method 2</param>
            <param name="paramOrder2">Parameter order for Method 2</param>
            <param name="paramArrayType2">&gt;Paramter array type.</param>
            <param name="types">Types to search in.</param>
            <param name="args">Args.</param>
            <returns>An int representing the match.</returns>
        </member>
        <member name="M:Microsoft.VisualStudio.TestTools.UnitTesting.RuntimeTypeHelper.FindMostSpecificType(System.Type,System.Type,System.Type)">
            <summary>
            Finds the most specific type in the two provided.
            </summary>
            <param name="c1">Type 1</param>
            <param name="c2">Type 2</param>
            <param name="t">The defining type</param>
            <returns>An int representing the match.</returns>
        </member>
        <member name="T:Microsoft.VisualStudio.TestTools.UnitTesting.TestContext">
            <summary>
            Используется для хранения данных, предоставляемых модульным тестам.
            </summary>
        </member>
        <member name="P:Microsoft.VisualStudio.TestTools.UnitTesting.TestContext.Properties">
            <summary>
            Gets per test properties
            </summary>
        </member>
        <member name="P:Microsoft.VisualStudio.TestTools.UnitTesting.TestContext.DataRow">
            <summary>
            Gets the current data row when test is used for data driven testing.
            </summary>
        </member>
        <member name="P:Microsoft.VisualStudio.TestTools.UnitTesting.TestContext.DataConnection">
            <summary>
            Gets current data connection row when test is used for data driven testing.
            </summary>
        </member>
        <member name="P:Microsoft.VisualStudio.TestTools.UnitTesting.TestContext.TestRunDirectory">
            <summary>
            Gets base directory for the test run, under which deployed files and result files are stored.
            </summary>
        </member>
        <member name="P:Microsoft.VisualStudio.TestTools.UnitTesting.TestContext.DeploymentDirectory">
            <summary>
            Gets directory for files deployed for the test run. Typically a subdirectory of <see cref="P:Microsoft.VisualStudio.TestTools.UnitTesting.TestContext.TestRunDirectory"/>.
            </summary>
        </member>
        <member name="P:Microsoft.VisualStudio.TestTools.UnitTesting.TestContext.ResultsDirectory">
            <summary>
            Gets base directory for results from the test run. Typically a subdirectory of <see cref="P:Microsoft.VisualStudio.TestTools.UnitTesting.TestContext.TestRunDirectory"/>.
            </summary>
        </member>
        <member name="P:Microsoft.VisualStudio.TestTools.UnitTesting.TestContext.TestRunResultsDirectory">
            <summary>
            Gets directory for test run result files. Typically a subdirectory of <see cref="P:Microsoft.VisualStudio.TestTools.UnitTesting.TestContext.ResultsDirectory"/>.
            </summary>
        </member>
        <member name="P:Microsoft.VisualStudio.TestTools.UnitTesting.TestContext.TestResultsDirectory">
            <summary>
            Gets directory for test result files.
            </summary>
        </member>
        <member name="P:Microsoft.VisualStudio.TestTools.UnitTesting.TestContext.TestDir">
            <summary>
            Gets base directory for the test run, under which deployed files and result files are stored.
            Same as <see cref="P:Microsoft.VisualStudio.TestTools.UnitTesting.TestContext.TestRunDirectory"/>. Вместо этого используйте то свойство.
            </summary>
        </member>
        <member name="P:Microsoft.VisualStudio.TestTools.UnitTesting.TestContext.TestDeploymentDir">
            <summary>
            Gets directory for files deployed for the test run. Typically a subdirectory of <see cref="P:Microsoft.VisualStudio.TestTools.UnitTesting.TestContext.TestRunDirectory"/>.
            Same as <see cref="P:Microsoft.VisualStudio.TestTools.UnitTesting.TestContext.DeploymentDirectory"/>. Вместо этого используйте то свойство.
            </summary>
        </member>
        <member name="P:Microsoft.VisualStudio.TestTools.UnitTesting.TestContext.TestLogsDir">
            <summary>
            Gets directory for test run result files. Typically a subdirectory of <see cref="P:Microsoft.VisualStudio.TestTools.UnitTesting.TestContext.ResultsDirectory"/>.
            Same as <see cref="P:Microsoft.VisualStudio.TestTools.UnitTesting.TestContext.TestRunResultsDirectory"/>. Используйте это свойство для файлов результата тестового запуска или
            <see cref="P:Microsoft.VisualStudio.TestTools.UnitTesting.TestContext.TestResultsDirectory"/> для файлов результатов конкретного теста.
            </summary>
        </member>
        <member name="P:Microsoft.VisualStudio.TestTools.UnitTesting.TestContext.FullyQualifiedTestClassName">
            <summary>
            Gets the Fully-qualified name of the class containing the test method currently being executed
            </summary>
        </member>
        <member name="P:Microsoft.VisualStudio.TestTools.UnitTesting.TestContext.TestName">
            <summary>
            Gets the name of the test method currently being executed
            </summary>
        </member>
        <member name="P:Microsoft.VisualStudio.TestTools.UnitTesting.TestContext.CurrentTestOutcome">
            <summary>
            Получает текущий результат теста.
            </summary>
        </member>
        <member name="M:Microsoft.VisualStudio.TestTools.UnitTesting.TestContext.WriteLine(System.String)">
            <summary>
            Используется для записи сообщений трассировки во время выполнения теста
            </summary>
            <param name="message">отформатированная строка сообщения</param>
        </member>
        <member name="M:Microsoft.VisualStudio.TestTools.UnitTesting.TestContext.WriteLine(System.String,System.Object[])">
            <summary>
            Используется для записи сообщений трассировки во время выполнения теста
            </summary>
            <param name="format">строка формата</param>
            <param name="args">аргументы</param>
        </member>
        <member name="M:Microsoft.VisualStudio.TestTools.UnitTesting.TestContext.AddResultFile(System.String)">
            <summary>
            Добавляет имя файла в список TestResult.ResultFileNames
            </summary>
            <param name="fileName">
            Имя файла.
            </param>
        </member>
        <member name="M:Microsoft.VisualStudio.TestTools.UnitTesting.TestContext.BeginTimer(System.String)">
            <summary>
            Запускает таймер с указанным именем
            </summary>
            <param name="timerName"> Name of the timer.</param>
        </member>
        <member name="M:Microsoft.VisualStudio.TestTools.UnitTesting.TestContext.EndTimer(System.String)">
            <summary>
            Останавливает таймер с указанным именем
            </summary>
            <param name="timerName"> Name of the timer.</param>
        </member>
    </members>
</doc>
