<?xml version="1.0"?>
<doc>
    <assembly>
        <name>Microsoft.VisualStudio.TestPlatform.TestFramework.Extensions</name>
    </assembly>
    <members>
        <member name="T:Microsoft.VisualStudio.TestTools.UnitTesting.DeploymentItemAttribute">
            <summary>
            Used to specify deployment item (file or directory) for per-test deployment.
            Can be specified on test class or test method.
            Can have multiple instances of the attribute to specify more than one item.
            The item path can be absolute or relative, if relative, it is relative to RunConfig.RelativePathRoot.
            </summary>
            <example>
            [DeploymentItem("file1.xml")]
            [DeploymentItem("file2.xml", "DataFiles")]
            [DeploymentItem("bin\Debug")]
            </example>
        </member>
        <member name="M:Microsoft.VisualStudio.TestTools.UnitTesting.DeploymentItemAttribute.#ctor(System.String)">
            <summary>
            Initializes a new instance of the <see cref="T:Microsoft.VisualStudio.TestTools.UnitTesting.DeploymentItemAttribute"/> class.
            </summary>
            <param name="path">The file or directory to deploy. The path is relative to the build output directory. The item will be copied to the same directory as the deployed test assemblies.</param>
        </member>
        <member name="M:Microsoft.VisualStudio.TestTools.UnitTesting.DeploymentItemAttribute.#ctor(System.String,System.String)">
            <summary>
            Initializes a new instance of the <see cref="T:Microsoft.VisualStudio.TestTools.UnitTesting.DeploymentItemAttribute"/> class
            </summary>
            <param name="path">The relative or absolute path to the file or directory to deploy. The path is relative to the build output directory. The item will be copied to the same directory as the deployed test assemblies.</param>
            <param name="outputDirectory">The path of the directory to which the items are to be copied. It can be either absolute or relative to the deployment directory. All files and directories identified by <paramref name="path"/> will be copied to this directory.</param>
        </member>
        <member name="P:Microsoft.VisualStudio.TestTools.UnitTesting.DeploymentItemAttribute.Path">
            <summary>
            Gets the path of the source file or folder to be copied.
            </summary>
        </member>
        <member name="P:Microsoft.VisualStudio.TestTools.UnitTesting.DeploymentItemAttribute.OutputDirectory">
            <summary>
            Gets the path of the directory to which the item is copied.
            </summary>
        </member>
        <member name="T:Microsoft.VisualStudio.TestTools.UnitTesting.ConfigurationNames">
            <summary>
            Obsahuje literály názvů oddílů, vlastností a atributů.
            </summary>
        </member>
        <member name="F:Microsoft.VisualStudio.TestTools.UnitTesting.ConfigurationNames.SectionName">
            <summary>
            The configuration section name.
            </summary>
        </member>
        <member name="F:Microsoft.VisualStudio.TestTools.UnitTesting.ConfigurationNames.Beta2SectionName">
            <summary>
            The configuration section name for Beta2. Left around for compat.
            </summary>
        </member>
        <member name="F:Microsoft.VisualStudio.TestTools.UnitTesting.ConfigurationNames.DataSourcesSectionName">
            <summary>
            Section name for Data source.
            </summary>
        </member>
        <member name="F:Microsoft.VisualStudio.TestTools.UnitTesting.ConfigurationNames.NameAttributeName">
            <summary>
            Attribute name for 'Name'
            </summary>
        </member>
        <member name="F:Microsoft.VisualStudio.TestTools.UnitTesting.ConfigurationNames.ConnectionStringAttributeName">
            <summary>
            Attribute name for 'ConnectionString'
            </summary>
        </member>
        <member name="F:Microsoft.VisualStudio.TestTools.UnitTesting.ConfigurationNames.DataAccessMethodAttributeName">
            <summary>
            Attrbiute name for 'DataAccessMethod'
            </summary>
        </member>
        <member name="F:Microsoft.VisualStudio.TestTools.UnitTesting.ConfigurationNames.DataTableAttributeName">
            <summary>
            Attribute name for 'DataTable'
            </summary>
        </member>
        <member name="T:Microsoft.VisualStudio.TestTools.UnitTesting.DataSourceElement">
            <summary>
            Element zdroje dat
            </summary>
        </member>
        <member name="P:Microsoft.VisualStudio.TestTools.UnitTesting.DataSourceElement.Name">
            <summary>
            Gets or sets the name of this configuration.
            </summary>
        </member>
        <member name="P:Microsoft.VisualStudio.TestTools.UnitTesting.DataSourceElement.ConnectionString">
            <summary>
            Gets or sets the ConnectionStringSettings element in &lt;connectionStrings&gt; section in the .config file.
            </summary>
        </member>
        <member name="P:Microsoft.VisualStudio.TestTools.UnitTesting.DataSourceElement.DataTableName">
            <summary>
            Gets or sets the name of the data table.
            </summary>
        </member>
        <member name="P:Microsoft.VisualStudio.TestTools.UnitTesting.DataSourceElement.DataAccessMethod">
            <summary>
            Gets or sets the type of data access.
            </summary>
        </member>
        <member name="P:Microsoft.VisualStudio.TestTools.UnitTesting.DataSourceElement.Key">
            <summary>
            Gets the key name.
            </summary>
        </member>
        <member name="P:Microsoft.VisualStudio.TestTools.UnitTesting.DataSourceElement.Properties">
            <summary>
            Získá vlastnosti konfigurace.
            </summary>
        </member>
        <member name="T:Microsoft.VisualStudio.TestTools.UnitTesting.DataSourceElementCollection">
            <summary>
            Kolekce elementů zdroje dat
            </summary>
        </member>
        <member name="M:Microsoft.VisualStudio.TestTools.UnitTesting.DataSourceElementCollection.#ctor">
            <summary>
            Initializes a new instance of the <see cref="T:Microsoft.VisualStudio.TestTools.UnitTesting.DataSourceElementCollection"/> class.
            </summary>
        </member>
        <member name="P:Microsoft.VisualStudio.TestTools.UnitTesting.DataSourceElementCollection.Item(System.String)">
            <summary>
            Vrátí element konfigurace se zadaným klíčem.
            </summary>
            <param name="name">Klíč elementu, který se má vrátit</param>
            <returns>System.Configuration.ConfigurationElement se zadaným klíčem, jinak null.</returns>
        </member>
        <member name="P:Microsoft.VisualStudio.TestTools.UnitTesting.DataSourceElementCollection.Item(System.Int32)">
            <summary>
            Získá element konfigurace v zadaném umístění indexu.
            </summary>
            <param name="index">Umístění indexu elementu System.Configuration.ConfigurationElement, který se má vrátit.</param>
        </member>
        <member name="M:Microsoft.VisualStudio.TestTools.UnitTesting.DataSourceElementCollection.Add(Microsoft.VisualStudio.TestTools.UnitTesting.DataSourceElement)">
            <summary>
            Přidá element konfigurace ke kolekci elementů konfigurace.
            </summary>
            <param name="element">System.Configuration.ConfigurationElement, který se má přidat</param>
        </member>
        <member name="M:Microsoft.VisualStudio.TestTools.UnitTesting.DataSourceElementCollection.Remove(Microsoft.VisualStudio.TestTools.UnitTesting.DataSourceElement)">
            <summary>
            Odebere z kolekce System.Configuration.ConfigurationElement.
            </summary>
            <param name="element"> <see cref="T:Microsoft.VisualStudio.TestTools.UnitTesting.DataSourceElement"/> .</param>
        </member>
        <member name="M:Microsoft.VisualStudio.TestTools.UnitTesting.DataSourceElementCollection.Remove(System.String)">
            <summary>
            Odebere z kolekce System.Configuration.ConfigurationElement.
            </summary>
            <param name="name">Klíč elementu System.Configuration.ConfigurationElement, který se má odebrat</param>
        </member>
        <member name="M:Microsoft.VisualStudio.TestTools.UnitTesting.DataSourceElementCollection.Clear">
            <summary>
            Odebere všechny objekty elementů konfigurace z kolekce.
            </summary>
        </member>
        <member name="M:Microsoft.VisualStudio.TestTools.UnitTesting.DataSourceElementCollection.CreateNewElement">
            <summary>
            Vytvoří nové: <see cref="T:Microsoft.VisualStudio.TestTools.UnitTesting.DataSourceElement"/>.
            </summary>
            <returns>Nový <see cref="T:Microsoft.VisualStudio.TestTools.UnitTesting.DataSourceElement"/>.</returns>
        </member>
        <member name="M:Microsoft.VisualStudio.TestTools.UnitTesting.DataSourceElementCollection.GetElementKey(System.Configuration.ConfigurationElement)">
            <summary>
            Získá klíč elementu pro zadaný element konfigurace.
            </summary>
            <param name="element">System.Configuration.ConfigurationElement, pro který se má vrátit klíč</param>
            <returns>System.Object, který funguje jako klíč pro zadaný element System.Configuration.ConfigurationElement</returns>
        </member>
        <member name="M:Microsoft.VisualStudio.TestTools.UnitTesting.DataSourceElementCollection.BaseAdd(System.Configuration.ConfigurationElement)">
            <summary>
            Přidá element konfigurace ke kolekci elementů konfigurace.
            </summary>
            <param name="element">System.Configuration.ConfigurationElement, který se má přidat</param>
        </member>
        <member name="M:Microsoft.VisualStudio.TestTools.UnitTesting.DataSourceElementCollection.BaseAdd(System.Int32,System.Configuration.ConfigurationElement)">
            <summary>
            Přidá element konfigurace ke kolekci elementů konfigurace.
            </summary>
            <param name="index">Umístění indexu, kde se má přidat zadaný element System.Configuration.ConfigurationElement</param>
            <param name="element">System.Configuration.ConfigurationElement, který se má přidat</param>
        </member>
        <member name="T:Microsoft.VisualStudio.TestTools.UnitTesting.TestConfiguration">
            <summary>
            Podpora nastavení konfigurace testů
            </summary>
        </member>
        <member name="P:Microsoft.VisualStudio.TestTools.UnitTesting.TestConfiguration.ConfigurationSection">
            <summary>
            Získá konfigurační oddíl pro testy.
            </summary>
        </member>
        <member name="T:Microsoft.VisualStudio.TestTools.UnitTesting.TestConfigurationSection">
            <summary>
            Konfigurační oddíl pro testy
            </summary>
        </member>
        <member name="P:Microsoft.VisualStudio.TestTools.UnitTesting.TestConfigurationSection.DataSources">
            <summary>
            Gets the data sources for this configuration section.
            </summary>
        </member>
        <member name="P:Microsoft.VisualStudio.TestTools.UnitTesting.TestConfigurationSection.Properties">
            <summary>
            Získá kolekci vlastností.
            </summary>
            <returns>
            Třídu <see cref="T:System.Configuration.ConfigurationPropertyCollection"/> vlastností pro element
            </returns>
        </member>
        <member name="T:Microsoft.VisualStudio.TestTools.UnitTesting.PrivateObject">
            <summary>
            This class represents the live NON public INTERNAL object in the system
            </summary>
        </member>
        <member name="M:Microsoft.VisualStudio.TestTools.UnitTesting.PrivateObject.#ctor(System.Object,System.String)">
            <summary>
            Initializes a new instance of the <see cref="T:Microsoft.VisualStudio.TestTools.UnitTesting.PrivateObject"/> class that contains
            the already existing object of the private class
            </summary>
            <param name="obj"> objektů, které slouží jako počáteční bod k dosažení privátních členů</param>
            <param name="memberToAccess">řetězec zrušení reference využívající . a odkazující na objekt, který se má načíst, jako například v m_X.m_Y.m_Z</param>
        </member>
        <member name="M:Microsoft.VisualStudio.TestTools.UnitTesting.PrivateObject.#ctor(System.String,System.String,System.Object[])">
            <summary>
            Initializes a new instance of the <see cref="T:Microsoft.VisualStudio.TestTools.UnitTesting.PrivateObject"/> class that wraps the
            specified type.
            </summary>
            <param name="assemblyName">Name of the assembly</param>
            <param name="typeName">plně kvalifikovaný název</param>
            <param name="args">Argumenty, které se mají předat konstruktoru</param>
        </member>
        <member name="M:Microsoft.VisualStudio.TestTools.UnitTesting.PrivateObject.#ctor(System.String,System.String,System.Type[],System.Object[])">
            <summary>
            Initializes a new instance of the <see cref="T:Microsoft.VisualStudio.TestTools.UnitTesting.PrivateObject"/> class that wraps the
            specified type.
            </summary>
            <param name="assemblyName">Name of the assembly</param>
            <param name="typeName">plně kvalifikovaný název</param>
            <param name="parameterTypes">Pole <see cref="T:System.Type"/> objektů představujících počet, pořadí a typ parametrů, které má načíst konstruktor</param>
            <param name="args">Argumenty, které se mají předat konstruktoru</param>
        </member>
        <member name="M:Microsoft.VisualStudio.TestTools.UnitTesting.PrivateObject.#ctor(System.Type,System.Object[])">
            <summary>
            Initializes a new instance of the <see cref="T:Microsoft.VisualStudio.TestTools.UnitTesting.PrivateObject"/> class that wraps the
            specified type.
            </summary>
            <param name="type">typ objektu, který chcete vytvořit</param>
            <param name="args">Argumenty, které se mají předat konstruktoru</param>
        </member>
        <member name="M:Microsoft.VisualStudio.TestTools.UnitTesting.PrivateObject.#ctor(System.Type,System.Type[],System.Object[])">
            <summary>
            Initializes a new instance of the <see cref="T:Microsoft.VisualStudio.TestTools.UnitTesting.PrivateObject"/> class that wraps the
            specified type.
            </summary>
            <param name="type">typ objektu, který chcete vytvořit</param>
            <param name="parameterTypes">Pole <see cref="T:System.Type"/> objektů představujících počet, pořadí a typ parametrů, které má načíst konstruktor</param>
            <param name="args">Argumenty, které se mají předat konstruktoru</param>
        </member>
        <member name="M:Microsoft.VisualStudio.TestTools.UnitTesting.PrivateObject.#ctor(System.Object)">
            <summary>
            Initializes a new instance of the <see cref="T:Microsoft.VisualStudio.TestTools.UnitTesting.PrivateObject"/> class that wraps
            the given object.
            </summary>
            <param name="obj">Objekt, který chcete zabalit</param>
        </member>
        <member name="M:Microsoft.VisualStudio.TestTools.UnitTesting.PrivateObject.#ctor(System.Object,Microsoft.VisualStudio.TestTools.UnitTesting.PrivateType)">
            <summary>
            Initializes a new instance of the <see cref="T:Microsoft.VisualStudio.TestTools.UnitTesting.PrivateObject"/> class that wraps
            the given object.
            </summary>
            <param name="obj">Objekt, který chcete zabalit</param>
            <param name="type">Objekt PrivateType</param>
        </member>
        <member name="P:Microsoft.VisualStudio.TestTools.UnitTesting.PrivateObject.Target">
            <summary>
            Gets or sets the target
            </summary>
        </member>
        <member name="P:Microsoft.VisualStudio.TestTools.UnitTesting.PrivateObject.RealType">
            <summary>
            Gets the type of underlying object
            </summary>
        </member>
        <member name="M:Microsoft.VisualStudio.TestTools.UnitTesting.PrivateObject.GetHashCode">
            <summary>
            vrátí hodnotu hash cílového objektu
            </summary>
            <returns>celé číslo představující hodnotu hash cílového objektu</returns>
        </member>
        <member name="M:Microsoft.VisualStudio.TestTools.UnitTesting.PrivateObject.Equals(System.Object)">
            <summary>
            Rovná se
            </summary>
            <param name="obj">Objekt, se kterým chcete porovnat</param>
            <returns>returns true if the objects are equal.</returns>
        </member>
        <member name="M:Microsoft.VisualStudio.TestTools.UnitTesting.PrivateObject.Invoke(System.String,System.Object[])">
            <summary>
            Vyvolá zadanou metodu
            </summary>
            <param name="name">Name of the method</param>
            <param name="args">Argumenty pro vyvolání, které se mají předat členu</param>
            <returns>Výsledek volání metody</returns>
        </member>
        <member name="M:Microsoft.VisualStudio.TestTools.UnitTesting.PrivateObject.Invoke(System.String,System.Type[],System.Object[])">
            <summary>
            Vyvolá zadanou metodu
            </summary>
            <param name="name">Name of the method</param>
            <param name="parameterTypes">Pole <see cref="T:System.Type"/> objektů představujících počet, pořadí a typ parametrů, které má metoda načíst.</param>
            <param name="args">Argumenty pro vyvolání, které se mají předat členu</param>
            <returns>Výsledek volání metody</returns>
        </member>
        <member name="M:Microsoft.VisualStudio.TestTools.UnitTesting.PrivateObject.Invoke(System.String,System.Type[],System.Object[],System.Type[])">
            <summary>
            Vyvolá zadanou metodu
            </summary>
            <param name="name">Name of the method</param>
            <param name="parameterTypes">Pole <see cref="T:System.Type"/> objektů představujících počet, pořadí a typ parametrů, které má metoda načíst.</param>
            <param name="args">Argumenty pro vyvolání, které se mají předat členu</param>
            <param name="typeArguments">Pole typů odpovídající typům obecných argumentů</param>
            <returns>Výsledek volání metody</returns>
        </member>
        <member name="M:Microsoft.VisualStudio.TestTools.UnitTesting.PrivateObject.Invoke(System.String,System.Object[],System.Globalization.CultureInfo)">
            <summary>
            Vyvolá zadanou metodu
            </summary>
            <param name="name">Name of the method</param>
            <param name="args">Argumenty pro vyvolání, které se mají předat členu</param>
            <param name="culture">Informace o jazykové verzi</param>
            <returns>Výsledek volání metody</returns>
        </member>
        <member name="M:Microsoft.VisualStudio.TestTools.UnitTesting.PrivateObject.Invoke(System.String,System.Type[],System.Object[],System.Globalization.CultureInfo)">
            <summary>
            Vyvolá zadanou metodu
            </summary>
            <param name="name">Name of the method</param>
            <param name="parameterTypes">Pole <see cref="T:System.Type"/> objektů představujících počet, pořadí a typ parametrů, které má metoda načíst.</param>
            <param name="args">Argumenty pro vyvolání, které se mají předat členu</param>
            <param name="culture">Informace o jazykové verzi</param>
            <returns>Výsledek volání metody</returns>
        </member>
        <member name="M:Microsoft.VisualStudio.TestTools.UnitTesting.PrivateObject.Invoke(System.String,System.Reflection.BindingFlags,System.Object[])">
            <summary>
            Vyvolá zadanou metodu
            </summary>
            <param name="name">Name of the method</param>
            <param name="bindingFlags">Bitová maska sestávající z jednoho nebo několika <see cref="T:System.Reflection.BindingFlags"/> určující způsob vyhledávání.</param>
            <param name="args">Argumenty pro vyvolání, které se mají předat členu</param>
            <returns>Výsledek volání metody</returns>
        </member>
        <member name="M:Microsoft.VisualStudio.TestTools.UnitTesting.PrivateObject.Invoke(System.String,System.Reflection.BindingFlags,System.Type[],System.Object[])">
            <summary>
            Vyvolá zadanou metodu
            </summary>
            <param name="name">Name of the method</param>
            <param name="bindingFlags">Bitová maska sestávající z jednoho nebo několika <see cref="T:System.Reflection.BindingFlags"/> určující způsob vyhledávání.</param>
            <param name="parameterTypes">Pole <see cref="T:System.Type"/> objektů představujících počet, pořadí a typ parametrů, které má metoda načíst.</param>
            <param name="args">Argumenty pro vyvolání, které se mají předat členu</param>
            <returns>Výsledek volání metody</returns>
        </member>
        <member name="M:Microsoft.VisualStudio.TestTools.UnitTesting.PrivateObject.Invoke(System.String,System.Reflection.BindingFlags,System.Object[],System.Globalization.CultureInfo)">
            <summary>
            Vyvolá zadanou metodu
            </summary>
            <param name="name">Name of the method</param>
            <param name="bindingFlags">Bitová maska sestávající z jednoho nebo několika <see cref="T:System.Reflection.BindingFlags"/> určující způsob vyhledávání.</param>
            <param name="args">Argumenty pro vyvolání, které se mají předat členu</param>
            <param name="culture">Informace o jazykové verzi</param>
            <returns>Výsledek volání metody</returns>
        </member>
        <member name="M:Microsoft.VisualStudio.TestTools.UnitTesting.PrivateObject.Invoke(System.String,System.Reflection.BindingFlags,System.Type[],System.Object[],System.Globalization.CultureInfo)">
            <summary>
            Vyvolá zadanou metodu
            </summary>
            <param name="name">Name of the method</param>
            <param name="bindingFlags">Bitová maska sestávající z jednoho nebo několika <see cref="T:System.Reflection.BindingFlags"/> určující způsob vyhledávání.</param>
            <param name="parameterTypes">Pole <see cref="T:System.Type"/> objektů představujících počet, pořadí a typ parametrů, které má metoda načíst.</param>
            <param name="args">Argumenty pro vyvolání, které se mají předat členu</param>
            <param name="culture">Informace o jazykové verzi</param>
            <returns>Výsledek volání metody</returns>
        </member>
        <member name="M:Microsoft.VisualStudio.TestTools.UnitTesting.PrivateObject.Invoke(System.String,System.Reflection.BindingFlags,System.Type[],System.Object[],System.Globalization.CultureInfo,System.Type[])">
            <summary>
            Vyvolá zadanou metodu
            </summary>
            <param name="name">Název metody</param>
            <param name="bindingFlags">Bitová maska sestávající z jednoho nebo několika <see cref="T:System.Reflection.BindingFlags"/> určující způsob vyhledávání.</param>
            <param name="parameterTypes">Pole <see cref="T:System.Type"/> objektů představujících počet, pořadí a typ parametrů, které má metoda načíst.</param>
            <param name="args">Argumenty pro vyvolání, které se mají předat členu</param>
            <param name="culture">Informace o jazykové verzi</param>
            <param name="typeArguments">Pole typů odpovídající typům obecných argumentů</param>
            <returns>Výsledek volání metody</returns>
        </member>
        <member name="M:Microsoft.VisualStudio.TestTools.UnitTesting.PrivateObject.GetArrayElement(System.String,System.Int32[])">
            <summary>
            Gets the array element using array of subsrcipts for each dimension
            </summary>
            <param name="name">Name of the member</param>
            <param name="indices">indexy pole</param>
            <returns>An arrya of elements.</returns>
        </member>
        <member name="M:Microsoft.VisualStudio.TestTools.UnitTesting.PrivateObject.SetArrayElement(System.String,System.Object,System.Int32[])">
            <summary>
            Sets the array element using array of subsrcipts for each dimension
            </summary>
            <param name="name">Name of the member</param>
            <param name="value">Hodnota, která se má nastavit</param>
            <param name="indices">indexy pole</param>
        </member>
        <member name="M:Microsoft.VisualStudio.TestTools.UnitTesting.PrivateObject.GetArrayElement(System.String,System.Reflection.BindingFlags,System.Int32[])">
            <summary>
            Gets the array element using array of subsrcipts for each dimension
            </summary>
            <param name="name">Name of the member</param>
            <param name="bindingFlags">Bitová maska sestávající z jednoho nebo několika <see cref="T:System.Reflection.BindingFlags"/> určující způsob vyhledávání.</param>
            <param name="indices">indexy pole</param>
            <returns>An arrya of elements.</returns>
        </member>
        <member name="M:Microsoft.VisualStudio.TestTools.UnitTesting.PrivateObject.SetArrayElement(System.String,System.Reflection.BindingFlags,System.Object,System.Int32[])">
            <summary>
            Sets the array element using array of subsrcipts for each dimension
            </summary>
            <param name="name">Name of the member</param>
            <param name="bindingFlags">Bitová maska sestávající z jednoho nebo několika <see cref="T:System.Reflection.BindingFlags"/> určující způsob vyhledávání.</param>
            <param name="value">Hodnota, která se má nastavit</param>
            <param name="indices">indexy pole</param>
        </member>
        <member name="M:Microsoft.VisualStudio.TestTools.UnitTesting.PrivateObject.GetField(System.String)">
            <summary>
            Získá pole
            </summary>
            <param name="name">Name of the field</param>
            <returns>The field.</returns>
        </member>
        <member name="M:Microsoft.VisualStudio.TestTools.UnitTesting.PrivateObject.SetField(System.String,System.Object)">
            <summary>
            Nastaví pole
            </summary>
            <param name="name">Name of the field</param>
            <param name="value">nastavovací hodnota</param>
        </member>
        <member name="M:Microsoft.VisualStudio.TestTools.UnitTesting.PrivateObject.GetField(System.String,System.Reflection.BindingFlags)">
            <summary>
            Získá pole
            </summary>
            <param name="name">Name of the field</param>
            <param name="bindingFlags">Bitová maska sestávající z jednoho nebo několika <see cref="T:System.Reflection.BindingFlags"/> určující způsob vyhledávání.</param>
            <returns>The field.</returns>
        </member>
        <member name="M:Microsoft.VisualStudio.TestTools.UnitTesting.PrivateObject.SetField(System.String,System.Reflection.BindingFlags,System.Object)">
            <summary>
            Nastaví pole
            </summary>
            <param name="name">Name of the field</param>
            <param name="bindingFlags">Bitová maska sestávající z jednoho nebo několika <see cref="T:System.Reflection.BindingFlags"/> určující způsob vyhledávání.</param>
            <param name="value">nastavovací hodnota</param>
        </member>
        <member name="M:Microsoft.VisualStudio.TestTools.UnitTesting.PrivateObject.GetFieldOrProperty(System.String)">
            <summary>
            Načte pole nebo vlastnost
            </summary>
            <param name="name">Název pole nebo vlastnosti</param>
            <returns>The field or property.</returns>
        </member>
        <member name="M:Microsoft.VisualStudio.TestTools.UnitTesting.PrivateObject.SetFieldOrProperty(System.String,System.Object)">
            <summary>
            Nastaví pole nebo vlastnost
            </summary>
            <param name="name">Název pole nebo vlastnosti</param>
            <param name="value">nastavovací hodnota</param>
        </member>
        <member name="M:Microsoft.VisualStudio.TestTools.UnitTesting.PrivateObject.GetFieldOrProperty(System.String,System.Reflection.BindingFlags)">
            <summary>
            Získá pole nebo vlastnost
            </summary>
            <param name="name">Název pole nebo vlastnosti</param>
            <param name="bindingFlags">Bitová maska sestávající z jednoho nebo několika <see cref="T:System.Reflection.BindingFlags"/> určující způsob vyhledávání.</param>
            <returns>The field or property.</returns>
        </member>
        <member name="M:Microsoft.VisualStudio.TestTools.UnitTesting.PrivateObject.SetFieldOrProperty(System.String,System.Reflection.BindingFlags,System.Object)">
            <summary>
            Nastaví pole nebo vlastnost
            </summary>
            <param name="name">Název pole nebo vlastnosti</param>
            <param name="bindingFlags">Bitová maska sestávající z jednoho nebo několika <see cref="T:System.Reflection.BindingFlags"/> určující způsob vyhledávání.</param>
            <param name="value">nastavovací hodnota</param>
        </member>
        <member name="M:Microsoft.VisualStudio.TestTools.UnitTesting.PrivateObject.GetProperty(System.String,System.Object[])">
            <summary>
            Získá vlastnost
            </summary>
            <param name="name">Název vlastnosti</param>
            <param name="args">Argumenty pro vyvolání, které se mají předat členu</param>
            <returns>The property.</returns>
        </member>
        <member name="M:Microsoft.VisualStudio.TestTools.UnitTesting.PrivateObject.GetProperty(System.String,System.Type[],System.Object[])">
            <summary>
            Získá vlastnost
            </summary>
            <param name="name">Název vlastnosti</param>
            <param name="parameterTypes">Pole <see cref="T:System.Type"/> objektů představujících počet, pořadí a typ parametrů indexované vlastnosti.</param>
            <param name="args">Argumenty pro vyvolání, které se mají předat členu</param>
            <returns>The property.</returns>
        </member>
        <member name="M:Microsoft.VisualStudio.TestTools.UnitTesting.PrivateObject.SetProperty(System.String,System.Object,System.Object[])">
            <summary>
            Nastaví vlastnost
            </summary>
            <param name="name">Název vlastnosti</param>
            <param name="value">nastavovací hodnota</param>
            <param name="args">Argumenty pro vyvolání, které se mají předat členu</param>
        </member>
        <member name="M:Microsoft.VisualStudio.TestTools.UnitTesting.PrivateObject.SetProperty(System.String,System.Type[],System.Object,System.Object[])">
            <summary>
            Nastaví vlastnost
            </summary>
            <param name="name">Název vlastnosti</param>
            <param name="parameterTypes">Pole <see cref="T:System.Type"/> objektů představujících počet, pořadí a typ parametrů indexované vlastnosti.</param>
            <param name="value">nastavovací hodnota</param>
            <param name="args">Argumenty pro vyvolání, které se mají předat členu</param>
        </member>
        <member name="M:Microsoft.VisualStudio.TestTools.UnitTesting.PrivateObject.GetProperty(System.String,System.Reflection.BindingFlags,System.Object[])">
            <summary>
            Získá vlastnost
            </summary>
            <param name="name">Name of the property</param>
            <param name="bindingFlags">Bitová maska sestávající z jednoho nebo několika <see cref="T:System.Reflection.BindingFlags"/> určující způsob vyhledávání.</param>
            <param name="args">Argumenty pro vyvolání, které se mají předat členu</param>
            <returns>The property.</returns>
        </member>
        <member name="M:Microsoft.VisualStudio.TestTools.UnitTesting.PrivateObject.GetProperty(System.String,System.Reflection.BindingFlags,System.Type[],System.Object[])">
            <summary>
            Získá vlastnost
            </summary>
            <param name="name">Name of the property</param>
            <param name="bindingFlags">Bitová maska sestávající z jednoho nebo několika <see cref="T:System.Reflection.BindingFlags"/> určující způsob vyhledávání.</param>
            <param name="parameterTypes">Pole <see cref="T:System.Type"/> objektů představujících počet, pořadí a typ parametrů indexované vlastnosti.</param>
            <param name="args">Argumenty pro vyvolání, které se mají předat členu</param>
            <returns>The property.</returns>
        </member>
        <member name="M:Microsoft.VisualStudio.TestTools.UnitTesting.PrivateObject.SetProperty(System.String,System.Reflection.BindingFlags,System.Object,System.Object[])">
            <summary>
            Nastaví vlastnost
            </summary>
            <param name="name">Název vlastnosti</param>
            <param name="bindingFlags">Bitová maska sestávající z jednoho nebo několika <see cref="T:System.Reflection.BindingFlags"/> určující způsob vyhledávání.</param>
            <param name="value">nastavovací hodnota</param>
            <param name="args">Argumenty pro vyvolání, které se mají předat členu</param>
        </member>
        <member name="M:Microsoft.VisualStudio.TestTools.UnitTesting.PrivateObject.SetProperty(System.String,System.Reflection.BindingFlags,System.Object,System.Type[],System.Object[])">
            <summary>
            Nastaví vlastnost
            </summary>
            <param name="name">Název vlastnosti</param>
            <param name="bindingFlags">Bitová maska sestávající z jednoho nebo několika <see cref="T:System.Reflection.BindingFlags"/> určující způsob vyhledávání.</param>
            <param name="value">nastavovací hodnota</param>
            <param name="parameterTypes">Pole <see cref="T:System.Type"/> objektů představujících počet, pořadí a typ parametrů indexované vlastnosti.</param>
            <param name="args">Argumenty pro vyvolání, které se mají předat členu</param>
        </member>
        <member name="M:Microsoft.VisualStudio.TestTools.UnitTesting.PrivateObject.ValidateAccessString(System.String)">
            <summary>
            Ověří přístupový řetězec
            </summary>
            <param name="access"> přístupový řetězec</param>
        </member>
        <member name="M:Microsoft.VisualStudio.TestTools.UnitTesting.PrivateObject.InvokeHelper(System.String,System.Reflection.BindingFlags,System.Object[],System.Globalization.CultureInfo)">
            <summary>
            Vyvolá člen
            </summary>
            <param name="name">Name of the member</param>
            <param name="bindingFlags">Další atributy</param>
            <param name="args">Argumenty vyvolání</param>
            <param name="culture">Jazyková verze</param>
            <returns>Výsledek vyvolání</returns>
        </member>
        <member name="M:Microsoft.VisualStudio.TestTools.UnitTesting.PrivateObject.GetGenericMethodFromCache(System.String,System.Type[],System.Type[],System.Reflection.BindingFlags,System.Reflection.ParameterModifier[])">
            <summary>
            Vybere z aktuálního privátního typu nejvhodnější podpis obecné metody.
            </summary>
            <param name="methodName">Název metody, ve které chcete prohledat mezipaměť podpisu</param>
            <param name="parameterTypes">Pole typů odpovídající typům parametrů, ve kterých se má hledat.</param>
            <param name="typeArguments">Pole typů odpovídající typům obecných argumentů</param>
            <param name="bindingFlags"><see cref="T:System.Reflection.BindingFlags"/> pro další filtrování podpisů metody.</param>
            <param name="modifiers">Modifiers for parameters.</param>
            <returns>A methodinfo instance.</returns>
        </member>
        <member name="T:Microsoft.VisualStudio.TestTools.UnitTesting.PrivateType">
            <summary>
            This class represents a private class for the Private Accessor functionality.
            </summary>
        </member>
        <member name="F:Microsoft.VisualStudio.TestTools.UnitTesting.PrivateType.BindToEveryThing">
            <summary>
            Váže se na vše
            </summary>
        </member>
        <member name="F:Microsoft.VisualStudio.TestTools.UnitTesting.PrivateType.type">
            <summary>
            The wrapped type.
            </summary>
        </member>
        <member name="M:Microsoft.VisualStudio.TestTools.UnitTesting.PrivateType.#ctor(System.String,System.String)">
            <summary>
            Initializes a new instance of the <see cref="T:Microsoft.VisualStudio.TestTools.UnitTesting.PrivateType"/> class that contains the private type.
            </summary>
            <param name="assemblyName">Název sestavení</param>
            <param name="typeName">plně kvalifikovaný název </param>
        </member>
        <member name="M:Microsoft.VisualStudio.TestTools.UnitTesting.PrivateType.#ctor(System.Type)">
            <summary>
            Initializes a new instance of the <see cref="T:Microsoft.VisualStudio.TestTools.UnitTesting.PrivateType"/> class that contains
            the private type from the type object
            </summary>
            <param name="type">Zabalený typ, který se má vytvořit</param>
        </member>
        <member name="P:Microsoft.VisualStudio.TestTools.UnitTesting.PrivateType.ReferencedType">
            <summary>
            Získá odkazovaný typ
            </summary>
        </member>
        <member name="M:Microsoft.VisualStudio.TestTools.UnitTesting.PrivateType.InvokeStatic(System.String,System.Object[])">
            <summary>
            Vyvolá statický člen
            </summary>
            <param name="name">Název členu InvokeHelper</param>
            <param name="args">Argumenty vyvolání</param>
            <returns>Výsledek vyvolání</returns>
        </member>
        <member name="M:Microsoft.VisualStudio.TestTools.UnitTesting.PrivateType.InvokeStatic(System.String,System.Type[],System.Object[])">
            <summary>
            Vyvolá statický člen
            </summary>
            <param name="name">Název členu InvokeHelper</param>
            <param name="parameterTypes">Pole <see cref="T:System.Type"/> objektů představujících počet, pořadí a typ parametrů, které má metoda vyvolat</param>
            <param name="args">Argumenty vyvolání</param>
            <returns>Výsledek vyvolání</returns>
        </member>
        <member name="M:Microsoft.VisualStudio.TestTools.UnitTesting.PrivateType.InvokeStatic(System.String,System.Type[],System.Object[],System.Type[])">
            <summary>
            Vyvolá statický člen
            </summary>
            <param name="name">Název členu InvokeHelper</param>
            <param name="parameterTypes">Pole <see cref="T:System.Type"/> objektů představujících počet, pořadí a typ parametrů, které má metoda vyvolat</param>
            <param name="args">Argumenty vyvolání</param>
            <param name="typeArguments">Pole typů odpovídající typům obecných argumentů</param>
            <returns>Výsledek vyvolání</returns>
        </member>
        <member name="M:Microsoft.VisualStudio.TestTools.UnitTesting.PrivateType.InvokeStatic(System.String,System.Object[],System.Globalization.CultureInfo)">
            <summary>
            Vyvolá statickou metodu
            </summary>
            <param name="name">Name of the member</param>
            <param name="args">Argumenty k vyvolání</param>
            <param name="culture">Jazyková verze</param>
            <returns>Výsledek vyvolání</returns>
        </member>
        <member name="M:Microsoft.VisualStudio.TestTools.UnitTesting.PrivateType.InvokeStatic(System.String,System.Type[],System.Object[],System.Globalization.CultureInfo)">
            <summary>
            Vyvolá statickou metodu
            </summary>
            <param name="name">Name of the member</param>
            <param name="parameterTypes">Pole <see cref="T:System.Type"/> objektů představujících počet, pořadí a typ parametrů, které má metoda vyvolat</param>
            <param name="args">Argumenty k vyvolání</param>
            <param name="culture">Informace o jazykové verzi</param>
            <returns>Výsledek vyvolání</returns>
        </member>
        <member name="M:Microsoft.VisualStudio.TestTools.UnitTesting.PrivateType.InvokeStatic(System.String,System.Reflection.BindingFlags,System.Object[])">
            <summary>
            Vyvolá statickou metodu
            </summary>
            <param name="name">Name of the member</param>
            <param name="bindingFlags">Další atributy vyvolání</param>
            <param name="args">Argumenty k vyvolání</param>
            <returns>Výsledek vyvolání</returns>
        </member>
        <member name="M:Microsoft.VisualStudio.TestTools.UnitTesting.PrivateType.InvokeStatic(System.String,System.Reflection.BindingFlags,System.Type[],System.Object[])">
            <summary>
            Vyvolá statickou metodu
            </summary>
            <param name="name">Name of the member</param>
            <param name="bindingFlags">Další atributy vyvolání</param>
            <param name="parameterTypes">Pole <see cref="T:System.Type"/> objektů představujících počet, pořadí a typ parametrů, které má metoda vyvolat</param>
            <param name="args">Argumenty k vyvolání</param>
            <returns>Výsledek vyvolání</returns>
        </member>
        <member name="M:Microsoft.VisualStudio.TestTools.UnitTesting.PrivateType.InvokeStatic(System.String,System.Reflection.BindingFlags,System.Object[],System.Globalization.CultureInfo)">
            <summary>
            Vyvolá statickou metodu
            </summary>
            <param name="name">Název členu</param>
            <param name="bindingFlags">Další atributy vyvolání</param>
            <param name="args">Argumenty k vyvolání</param>
            <param name="culture">Jazyková verze</param>
            <returns>Výsledek vyvolání</returns>
        </member>
        <member name="M:Microsoft.VisualStudio.TestTools.UnitTesting.PrivateType.InvokeStatic(System.String,System.Reflection.BindingFlags,System.Type[],System.Object[],System.Globalization.CultureInfo)">
            <summary>
            Vyvolá statickou metodu
            </summary>
            <param name="name">Název členu</param>
            <param name="bindingFlags">Další atributy vyvolání</param>
            /// <param name="parameterTypes">Pole <see cref="T:System.Type"/> objektů představujících počet, pořadí a typ parametrů, které má metoda vyvolat</param>
            <param name="args">Argumenty k vyvolání</param>
            <param name="culture">Jazyková verze</param>
            <returns>Výsledek vyvolání</returns>
        </member>
        <member name="M:Microsoft.VisualStudio.TestTools.UnitTesting.PrivateType.InvokeStatic(System.String,System.Reflection.BindingFlags,System.Type[],System.Object[],System.Globalization.CultureInfo,System.Type[])">
            <summary>
            Vyvolá statickou metodu
            </summary>
            <param name="name">Název členu</param>
            <param name="bindingFlags">Další atributy vyvolání</param>
            /// <param name="parameterTypes">Pole <see cref="T:System.Type"/> objektů představujících počet, pořadí a typ parametrů, které má metoda vyvolat</param>
            <param name="args">Argumenty k vyvolání</param>
            <param name="culture">Jazyková verze</param>
            <param name="typeArguments">Pole typů odpovídající typům obecných argumentů</param>
            <returns>Výsledek vyvolání</returns>
        </member>
        <member name="M:Microsoft.VisualStudio.TestTools.UnitTesting.PrivateType.GetStaticArrayElement(System.String,System.Int32[])">
            <summary>
            Získá prvek ve statickém poli
            </summary>
            <param name="name">Name of the array</param>
            <param name="indices">
            Jednorozměrné pole 32bitových celých čísel představujících indexy, které určují
            pozici elementu, který se má získat. Pokud chcete získat přístup například k a[10][11], budou indexy {10,11}.
            </param>
            <returns>prvek v zadaném umístění</returns>
        </member>
        <member name="M:Microsoft.VisualStudio.TestTools.UnitTesting.PrivateType.SetStaticArrayElement(System.String,System.Object,System.Int32[])">
            <summary>
            Nastaví člen statického pole
            </summary>
            <param name="name">Name of the array</param>
            <param name="value">nastavovací hodnota</param>
            <param name="indices">
            Jednorozměrné pole 32bitových celých čísel představujících indexy, které určují
            pozici elementu, který se má nastavit. Pokud chcete například získat přístup k a[10][11], bude toto pole {10,11}.
            </param>
        </member>
        <member name="M:Microsoft.VisualStudio.TestTools.UnitTesting.PrivateType.GetStaticArrayElement(System.String,System.Reflection.BindingFlags,System.Int32[])">
            <summary>
            Gets the element in satatic array
            </summary>
            <param name="name">Name of the array</param>
            <param name="bindingFlags">Další atributy InvokeHelper</param>
            <param name="indices">
            Jednorozměrné pole 32bitových celých čísel představujících indexy, které určují
            pozici elementu, který se má získat. Pokud chcete například získat přístup k a[10][11], bude toto pole {10,11}.
            </param>
            <returns>prvek v zadaném umístění</returns>
        </member>
        <member name="M:Microsoft.VisualStudio.TestTools.UnitTesting.PrivateType.SetStaticArrayElement(System.String,System.Reflection.BindingFlags,System.Object,System.Int32[])">
            <summary>
            Nastaví člen statického pole
            </summary>
            <param name="name">Name of the array</param>
            <param name="bindingFlags">Další atributy InvokeHelper</param>
            <param name="value">nastavovací hodnota</param>
            <param name="indices">
            Jednorozměrné pole 32bitových celých čísel představujících indexy, které určují
            pozici elementu, který se má nastavit. Pokud chcete například získat přístup k a[10][11], bude toto pole {10,11}.
            </param>
        </member>
        <member name="M:Microsoft.VisualStudio.TestTools.UnitTesting.PrivateType.GetStaticField(System.String)">
            <summary>
            Získá statické pole
            </summary>
            <param name="name">Název pole</param>
            <returns>The static field.</returns>
        </member>
        <member name="M:Microsoft.VisualStudio.TestTools.UnitTesting.PrivateType.SetStaticField(System.String,System.Object)">
            <summary>
            Nastaví statické pole
            </summary>
            <param name="name">Název pole</param>
            <param name="value">Argument k vyvolání</param>
        </member>
        <member name="M:Microsoft.VisualStudio.TestTools.UnitTesting.PrivateType.GetStaticField(System.String,System.Reflection.BindingFlags)">
            <summary>
            Získá statické pole pomocí zadaných atributů InvokeHelper
            </summary>
            <param name="name">Název pole</param>
            <param name="bindingFlags">Další atributy vyvolání</param>
            <returns>The static field.</returns>
        </member>
        <member name="M:Microsoft.VisualStudio.TestTools.UnitTesting.PrivateType.SetStaticField(System.String,System.Reflection.BindingFlags,System.Object)">
            <summary>
            Nastaví statické pole pomocí atributů vazby
            </summary>
            <param name="name">Název pole</param>
            <param name="bindingFlags">Další atributy InvokeHelper</param>
            <param name="value">Argument k vyvolání</param>
        </member>
        <member name="M:Microsoft.VisualStudio.TestTools.UnitTesting.PrivateType.GetStaticFieldOrProperty(System.String)">
            <summary>
            Získá statické pole nebo vlastnost
            </summary>
            <param name="name">Název pole nebo vlastnosti</param>
            <returns>The static field or property.</returns>
        </member>
        <member name="M:Microsoft.VisualStudio.TestTools.UnitTesting.PrivateType.SetStaticFieldOrProperty(System.String,System.Object)">
            <summary>
            Nastaví statické pole nebo vlastnost
            </summary>
            <param name="name">Název pole nebo vlastnosti</param>
            <param name="value">Hodnota, která se má nastavit pro pole nebo vlastnost</param>
        </member>
        <member name="M:Microsoft.VisualStudio.TestTools.UnitTesting.PrivateType.GetStaticFieldOrProperty(System.String,System.Reflection.BindingFlags)">
            <summary>
            Získá statické pole nebo vlastnost pomocí zadaných atributů InvokeHelper
            </summary>
            <param name="name">Název pole nebo vlastnosti</param>
            <param name="bindingFlags">Další atributy vyvolání</param>
            <returns>The static field or property.</returns>
        </member>
        <member name="M:Microsoft.VisualStudio.TestTools.UnitTesting.PrivateType.SetStaticFieldOrProperty(System.String,System.Reflection.BindingFlags,System.Object)">
            <summary>
            Nastaví statické pole nebo vlastnost pomocí atributů vazby
            </summary>
            <param name="name">Název pole nebo vlastnosti</param>
            <param name="bindingFlags">Další atributy vyvolání</param>
            <param name="value">Hodnota, která se má nastavit pro pole nebo vlastnost</param>
        </member>
        <member name="M:Microsoft.VisualStudio.TestTools.UnitTesting.PrivateType.GetStaticProperty(System.String,System.Object[])">
            <summary>
            Získá statistickou vlastnost
            </summary>
            <param name="name">Název pole nebo vlastnosti</param>
            <param name="args">Argumenty k vyvolání</param>
            <returns>The static property.</returns>
        </member>
        <member name="M:Microsoft.VisualStudio.TestTools.UnitTesting.PrivateType.SetStaticProperty(System.String,System.Object,System.Object[])">
            <summary>
            Nastaví statickou vlastnost
            </summary>
            <param name="name">Název vlastnosti</param>
            <param name="value">Hodnota, která se má nastavit pro pole nebo vlastnost</param>
            <param name="args">Argumenty pro vyvolání, které se mají předat členu</param>
        </member>
        <member name="M:Microsoft.VisualStudio.TestTools.UnitTesting.PrivateType.SetStaticProperty(System.String,System.Object,System.Type[],System.Object[])">
            <summary>
            Nastaví statickou vlastnost
            </summary>
            <param name="name">Název vlastnosti</param>
            <param name="value">Hodnota, která se má nastavit pro pole nebo vlastnost</param>
            <param name="parameterTypes">Pole <see cref="T:System.Type"/> objektů představujících počet, pořadí a typ parametrů indexované vlastnosti.</param>
            <param name="args">Argumenty pro vyvolání, které se mají předat členu</param>
        </member>
        <member name="M:Microsoft.VisualStudio.TestTools.UnitTesting.PrivateType.GetStaticProperty(System.String,System.Reflection.BindingFlags,System.Object[])">
            <summary>
            Získá statistickou vlastnost
            </summary>
            <param name="name">Název vlastnosti</param>
            <param name="bindingFlags">Další atributy vyvolání</param>
            <param name="args">Argumenty pro vyvolání, které se mají předat členu</param>
            <returns>The static property.</returns>
        </member>
        <member name="M:Microsoft.VisualStudio.TestTools.UnitTesting.PrivateType.GetStaticProperty(System.String,System.Reflection.BindingFlags,System.Type[],System.Object[])">
            <summary>
            Získá statistickou vlastnost
            </summary>
            <param name="name">Název vlastnosti</param>
            <param name="bindingFlags">Další atributy vyvolání</param>
            <param name="parameterTypes">Pole <see cref="T:System.Type"/> objektů představujících počet, pořadí a typ parametrů indexované vlastnosti.</param>
            <param name="args">Argumenty pro vyvolání, které se mají předat členu</param>
            <returns>The static property.</returns>
        </member>
        <member name="M:Microsoft.VisualStudio.TestTools.UnitTesting.PrivateType.SetStaticProperty(System.String,System.Reflection.BindingFlags,System.Object,System.Object[])">
            <summary>
            Nastaví statickou vlastnost
            </summary>
            <param name="name">Název vlastnosti</param>
            <param name="bindingFlags">Další atributy vyvolání</param>
            <param name="value">Hodnota, která se má nastavit pro pole nebo vlastnost</param>
            <param name="args">Volitelné hodnoty indexu pro indexované vlastnosti. Indexy indexovaných vlastností se počítají od nuly. Tato hodnota by měla pro neindexované vlastnosti být Null. </param>
        </member>
        <member name="M:Microsoft.VisualStudio.TestTools.UnitTesting.PrivateType.SetStaticProperty(System.String,System.Reflection.BindingFlags,System.Object,System.Type[],System.Object[])">
            <summary>
            Nastaví statickou vlastnost
            </summary>
            <param name="name">Název vlastnosti</param>
            <param name="bindingFlags">Další atributy vyvolání</param>
            <param name="value">Hodnota, která se má nastavit pro pole nebo vlastnost</param>
            <param name="parameterTypes">Pole <see cref="T:System.Type"/> objektů představujících počet, pořadí a typ parametrů indexované vlastnosti.</param>
            <param name="args">Argumenty pro vyvolání, které se mají předat členu</param>
        </member>
        <member name="M:Microsoft.VisualStudio.TestTools.UnitTesting.PrivateType.InvokeHelperStatic(System.String,System.Reflection.BindingFlags,System.Object[],System.Globalization.CultureInfo)">
            <summary>
            Vyvolá statickou metodu
            </summary>
            <param name="name">Název členu</param>
            <param name="bindingFlags">Další atributy vyvolání</param>
            <param name="args">Argumenty k vyvolání</param>
            <param name="culture">Jazyková verze</param>
            <returns>Výsledek vyvolání</returns>
        </member>
        <member name="T:Microsoft.VisualStudio.TestTools.UnitTesting.RuntimeTypeHelper">
            <summary>
            Poskytuje zjišťování podpisu metody pro obecné metody.
            </summary>
        </member>
        <member name="M:Microsoft.VisualStudio.TestTools.UnitTesting.RuntimeTypeHelper.CompareMethodSigAndName(System.Reflection.MethodBase,System.Reflection.MethodBase)">
            <summary>
            Compares the method signatures of these two methods.
            </summary>
            <param name="m1">Method1</param>
            <param name="m2">Method2</param>
            <returns>True if they are similiar.</returns>
        </member>
        <member name="M:Microsoft.VisualStudio.TestTools.UnitTesting.RuntimeTypeHelper.GetHierarchyDepth(System.Type)">
            <summary>
            Gets the hierarchy depty from the base type of the provided type.
            </summary>
            <param name="t">The type.</param>
            <returns>The depth.</returns>
        </member>
        <member name="M:Microsoft.VisualStudio.TestTools.UnitTesting.RuntimeTypeHelper.FindMostDerivedNewSlotMeth(System.Reflection.MethodBase[],System.Int32)">
            <summary>
            Finds most dervied type with the provided information.
            </summary>
            <param name="match">Candidate matches.</param>
            <param name="cMatches">Number of matches.</param>
            <returns>The most derived method.</returns>
        </member>
        <member name="M:Microsoft.VisualStudio.TestTools.UnitTesting.RuntimeTypeHelper.SelectMethod(System.Reflection.BindingFlags,System.Reflection.MethodBase[],System.Type[],System.Reflection.ParameterModifier[])">
            <summary>
            S ohledem na sadu metod, které splňují základní kritéria, vyberte pro pole typů
            metodu. Tato metoda by měla vrátit hodnotu Null, pokud kritériím nevyhovuje
            žádná metoda.
            </summary>
            <param name="bindingAttr">Binding specification.</param>
            <param name="match">Candidate matches</param>
            <param name="types">Types</param>
            <param name="modifiers">Parameter modifiers.</param>
            <returns>Matching method. Null if none matches.</returns>
        </member>
        <member name="M:Microsoft.VisualStudio.TestTools.UnitTesting.RuntimeTypeHelper.FindMostSpecificMethod(System.Reflection.MethodBase,System.Int32[],System.Type,System.Reflection.MethodBase,System.Int32[],System.Type,System.Type[],System.Object[])">
            <summary>
            Finds the most specific method in the two methods provided.
            </summary>
            <param name="m1">Method 1</param>
            <param name="paramOrder1">Parameter order for Method 1</param>
            <param name="paramArrayType1">Paramter array type.</param>
            <param name="m2">Method 2</param>
            <param name="paramOrder2">Parameter order for Method 2</param>
            <param name="paramArrayType2">&gt;Paramter array type.</param>
            <param name="types">Types to search in.</param>
            <param name="args">Args.</param>
            <returns>An int representing the match.</returns>
        </member>
        <member name="M:Microsoft.VisualStudio.TestTools.UnitTesting.RuntimeTypeHelper.FindMostSpecific(System.Reflection.ParameterInfo[],System.Int32[],System.Type,System.Reflection.ParameterInfo[],System.Int32[],System.Type,System.Type[],System.Object[])">
            <summary>
            Finds the most specific method in the two methods provided.
            </summary>
            <param name="p1">Method 1</param>
            <param name="paramOrder1">Parameter order for Method 1</param>
            <param name="paramArrayType1">Paramter array type.</param>
            <param name="p2">Method 2</param>
            <param name="paramOrder2">Parameter order for Method 2</param>
            <param name="paramArrayType2">&gt;Paramter array type.</param>
            <param name="types">Types to search in.</param>
            <param name="args">Args.</param>
            <returns>An int representing the match.</returns>
        </member>
        <member name="M:Microsoft.VisualStudio.TestTools.UnitTesting.RuntimeTypeHelper.FindMostSpecificType(System.Type,System.Type,System.Type)">
            <summary>
            Finds the most specific type in the two provided.
            </summary>
            <param name="c1">Type 1</param>
            <param name="c2">Type 2</param>
            <param name="t">The defining type</param>
            <returns>An int representing the match.</returns>
        </member>
        <member name="T:Microsoft.VisualStudio.TestTools.UnitTesting.TestContext">
            <summary>
            Používá se pro ukládání informací poskytovaných testy jednotek.
            </summary>
        </member>
        <member name="P:Microsoft.VisualStudio.TestTools.UnitTesting.TestContext.Properties">
            <summary>
            Gets per test properties
            </summary>
        </member>
        <member name="P:Microsoft.VisualStudio.TestTools.UnitTesting.TestContext.DataRow">
            <summary>
            Gets the current data row when test is used for data driven testing.
            </summary>
        </member>
        <member name="P:Microsoft.VisualStudio.TestTools.UnitTesting.TestContext.DataConnection">
            <summary>
            Gets current data connection row when test is used for data driven testing.
            </summary>
        </member>
        <member name="P:Microsoft.VisualStudio.TestTools.UnitTesting.TestContext.TestRunDirectory">
            <summary>
            Gets base directory for the test run, under which deployed files and result files are stored.
            </summary>
        </member>
        <member name="P:Microsoft.VisualStudio.TestTools.UnitTesting.TestContext.DeploymentDirectory">
            <summary>
            Gets directory for files deployed for the test run. Typically a subdirectory of <see cref="P:Microsoft.VisualStudio.TestTools.UnitTesting.TestContext.TestRunDirectory"/>.
            </summary>
        </member>
        <member name="P:Microsoft.VisualStudio.TestTools.UnitTesting.TestContext.ResultsDirectory">
            <summary>
            Gets base directory for results from the test run. Typically a subdirectory of <see cref="P:Microsoft.VisualStudio.TestTools.UnitTesting.TestContext.TestRunDirectory"/>.
            </summary>
        </member>
        <member name="P:Microsoft.VisualStudio.TestTools.UnitTesting.TestContext.TestRunResultsDirectory">
            <summary>
            Gets directory for test run result files. Typically a subdirectory of <see cref="P:Microsoft.VisualStudio.TestTools.UnitTesting.TestContext.ResultsDirectory"/>.
            </summary>
        </member>
        <member name="P:Microsoft.VisualStudio.TestTools.UnitTesting.TestContext.TestResultsDirectory">
            <summary>
            Gets directory for test result files.
            </summary>
        </member>
        <member name="P:Microsoft.VisualStudio.TestTools.UnitTesting.TestContext.TestDir">
            <summary>
            Gets base directory for the test run, under which deployed files and result files are stored.
            Same as <see cref="P:Microsoft.VisualStudio.TestTools.UnitTesting.TestContext.TestRunDirectory"/>. Raději použijte tuto vlastnost.
            </summary>
        </member>
        <member name="P:Microsoft.VisualStudio.TestTools.UnitTesting.TestContext.TestDeploymentDir">
            <summary>
            Gets directory for files deployed for the test run. Typically a subdirectory of <see cref="P:Microsoft.VisualStudio.TestTools.UnitTesting.TestContext.TestRunDirectory"/>.
            Same as <see cref="P:Microsoft.VisualStudio.TestTools.UnitTesting.TestContext.DeploymentDirectory"/>. Raději použijte tuto vlastnost.
            </summary>
        </member>
        <member name="P:Microsoft.VisualStudio.TestTools.UnitTesting.TestContext.TestLogsDir">
            <summary>
            Gets directory for test run result files. Typically a subdirectory of <see cref="P:Microsoft.VisualStudio.TestTools.UnitTesting.TestContext.ResultsDirectory"/>.
            Same as <see cref="P:Microsoft.VisualStudio.TestTools.UnitTesting.TestContext.TestRunResultsDirectory"/>. Použijte tuto vlastnost pro soubory výsledků testovacího běhu nebo
            <see cref="P:Microsoft.VisualStudio.TestTools.UnitTesting.TestContext.TestResultsDirectory"/> pro soubory výsledků konkrétních testů.
            </summary>
        </member>
        <member name="P:Microsoft.VisualStudio.TestTools.UnitTesting.TestContext.FullyQualifiedTestClassName">
            <summary>
            Gets the Fully-qualified name of the class containing the test method currently being executed
            </summary>
        </member>
        <member name="P:Microsoft.VisualStudio.TestTools.UnitTesting.TestContext.TestName">
            <summary>
            Gets the name of the test method currently being executed
            </summary>
        </member>
        <member name="P:Microsoft.VisualStudio.TestTools.UnitTesting.TestContext.CurrentTestOutcome">
            <summary>
            Získá aktuální výsledek testu.
            </summary>
        </member>
        <member name="M:Microsoft.VisualStudio.TestTools.UnitTesting.TestContext.WriteLine(System.String)">
            <summary>
            Používá se pro zápis trasovacích zpráv během testu
            </summary>
            <param name="message">řetězec formátované zprávy</param>
        </member>
        <member name="M:Microsoft.VisualStudio.TestTools.UnitTesting.TestContext.WriteLine(System.String,System.Object[])">
            <summary>
            Používá se pro zápis trasovacích zpráv během testu
            </summary>
            <param name="format">Řetězec formátu</param>
            <param name="args">argumenty</param>
        </member>
        <member name="M:Microsoft.VisualStudio.TestTools.UnitTesting.TestContext.AddResultFile(System.String)">
            <summary>
            Přidá do seznamu v TestResult.ResultFileNames název souboru
            </summary>
            <param name="fileName">
            Název souboru
            </param>
        </member>
        <member name="M:Microsoft.VisualStudio.TestTools.UnitTesting.TestContext.BeginTimer(System.String)">
            <summary>
            Spustí zadaným způsobem časovač
            </summary>
            <param name="timerName"> Name of the timer.</param>
        </member>
        <member name="M:Microsoft.VisualStudio.TestTools.UnitTesting.TestContext.EndTimer(System.String)">
            <summary>
            Ukončí zadaným způsobem časovač
            </summary>
            <param name="timerName"> Name of the timer.</param>
        </member>
    </members>
</doc>
