<?xml version="1.0"?>
<doc>
    <assembly>
        <name>Microsoft.VisualStudio.TestPlatform.TestFramework.Extensions</name>
    </assembly>
    <members>
        <member name="T:Microsoft.VisualStudio.TestTools.UnitTesting.DeploymentItemAttribute">
            <summary>
            Used to specify deployment item (file or directory) for per-test deployment.
            Can be specified on test class or test method.
            Can have multiple instances of the attribute to specify more than one item.
            The item path can be absolute or relative, if relative, it is relative to RunConfig.RelativePathRoot.
            </summary>
            <example>
            [DeploymentItem("file1.xml")]
            [DeploymentItem("file2.xml", "DataFiles")]
            [DeploymentItem("bin\Debug")]
            </example>
        </member>
        <member name="M:Microsoft.VisualStudio.TestTools.UnitTesting.DeploymentItemAttribute.#ctor(System.String)">
            <summary>
            Initializes a new instance of the <see cref="T:Microsoft.VisualStudio.TestTools.UnitTesting.DeploymentItemAttribute"/> class.
            </summary>
            <param name="path">The file or directory to deploy. The path is relative to the build output directory. The item will be copied to the same directory as the deployed test assemblies.</param>
        </member>
        <member name="M:Microsoft.VisualStudio.TestTools.UnitTesting.DeploymentItemAttribute.#ctor(System.String,System.String)">
            <summary>
            Initializes a new instance of the <see cref="T:Microsoft.VisualStudio.TestTools.UnitTesting.DeploymentItemAttribute"/> class
            </summary>
            <param name="path">The relative or absolute path to the file or directory to deploy. The path is relative to the build output directory. The item will be copied to the same directory as the deployed test assemblies.</param>
            <param name="outputDirectory">The path of the directory to which the items are to be copied. It can be either absolute or relative to the deployment directory. All files and directories identified by <paramref name="path"/> will be copied to this directory.</param>
        </member>
        <member name="P:Microsoft.VisualStudio.TestTools.UnitTesting.DeploymentItemAttribute.Path">
            <summary>
            Gets the path of the source file or folder to be copied.
            </summary>
        </member>
        <member name="P:Microsoft.VisualStudio.TestTools.UnitTesting.DeploymentItemAttribute.OutputDirectory">
            <summary>
            Gets the path of the directory to which the item is copied.
            </summary>
        </member>
        <member name="T:Microsoft.VisualStudio.TestTools.UnitTesting.ConfigurationNames">
            <summary>
            Enthält Literale für Namen von Abschnitten, Eigenschaften, Attributen.
            </summary>
        </member>
        <member name="F:Microsoft.VisualStudio.TestTools.UnitTesting.ConfigurationNames.SectionName">
            <summary>
            The configuration section name.
            </summary>
        </member>
        <member name="F:Microsoft.VisualStudio.TestTools.UnitTesting.ConfigurationNames.Beta2SectionName">
            <summary>
            The configuration section name for Beta2. Left around for compat.
            </summary>
        </member>
        <member name="F:Microsoft.VisualStudio.TestTools.UnitTesting.ConfigurationNames.DataSourcesSectionName">
            <summary>
            Section name for Data source.
            </summary>
        </member>
        <member name="F:Microsoft.VisualStudio.TestTools.UnitTesting.ConfigurationNames.NameAttributeName">
            <summary>
            Attribute name for 'Name'
            </summary>
        </member>
        <member name="F:Microsoft.VisualStudio.TestTools.UnitTesting.ConfigurationNames.ConnectionStringAttributeName">
            <summary>
            Attribute name for 'ConnectionString'
            </summary>
        </member>
        <member name="F:Microsoft.VisualStudio.TestTools.UnitTesting.ConfigurationNames.DataAccessMethodAttributeName">
            <summary>
            Attrbiute name for 'DataAccessMethod'
            </summary>
        </member>
        <member name="F:Microsoft.VisualStudio.TestTools.UnitTesting.ConfigurationNames.DataTableAttributeName">
            <summary>
            Attribute name for 'DataTable'
            </summary>
        </member>
        <member name="T:Microsoft.VisualStudio.TestTools.UnitTesting.DataSourceElement">
            <summary>
            Das Datenquellelement.
            </summary>
        </member>
        <member name="P:Microsoft.VisualStudio.TestTools.UnitTesting.DataSourceElement.Name">
            <summary>
            Gets or sets the name of this configuration.
            </summary>
        </member>
        <member name="P:Microsoft.VisualStudio.TestTools.UnitTesting.DataSourceElement.ConnectionString">
            <summary>
            Gets or sets the ConnectionStringSettings element in &lt;connectionStrings&gt; section in the .config file.
            </summary>
        </member>
        <member name="P:Microsoft.VisualStudio.TestTools.UnitTesting.DataSourceElement.DataTableName">
            <summary>
            Gets or sets the name of the data table.
            </summary>
        </member>
        <member name="P:Microsoft.VisualStudio.TestTools.UnitTesting.DataSourceElement.DataAccessMethod">
            <summary>
            Gets or sets the type of data access.
            </summary>
        </member>
        <member name="P:Microsoft.VisualStudio.TestTools.UnitTesting.DataSourceElement.Key">
            <summary>
            Gets the key name.
            </summary>
        </member>
        <member name="P:Microsoft.VisualStudio.TestTools.UnitTesting.DataSourceElement.Properties">
            <summary>
            Ruft die Konfigurationseigenschaften ab.
            </summary>
        </member>
        <member name="T:Microsoft.VisualStudio.TestTools.UnitTesting.DataSourceElementCollection">
            <summary>
            Die Sammlung der Datenquellenelemente.
            </summary>
        </member>
        <member name="M:Microsoft.VisualStudio.TestTools.UnitTesting.DataSourceElementCollection.#ctor">
            <summary>
            Initializes a new instance of the <see cref="T:Microsoft.VisualStudio.TestTools.UnitTesting.DataSourceElementCollection"/> class.
            </summary>
        </member>
        <member name="P:Microsoft.VisualStudio.TestTools.UnitTesting.DataSourceElementCollection.Item(System.String)">
            <summary>
            Gibt das Konfigurationselement mit dem angegebenen Schlüssel zurück.
            </summary>
            <param name="name">Der Schlüssel des Elements, das zurückgegeben werden soll.</param>
            <returns>Das System.Configuration.ConfigurationElement mit dem angegebenen Schlüssel, andernfalls NULL.</returns>
        </member>
        <member name="P:Microsoft.VisualStudio.TestTools.UnitTesting.DataSourceElementCollection.Item(System.Int32)">
            <summary>
            Ruft das Konfigurationselement am angegebenen Indexspeicherort ab.
            </summary>
            <param name="index">Der Indexspeicherort des System.Configuration.ConfigurationElement, das zurückgegeben werden soll.</param>
        </member>
        <member name="M:Microsoft.VisualStudio.TestTools.UnitTesting.DataSourceElementCollection.Add(Microsoft.VisualStudio.TestTools.UnitTesting.DataSourceElement)">
            <summary>
            Fügt der Konfigurationselementsammlung ein Konfigurationselement hinzu.
            </summary>
            <param name="element">Das System.Configuration.ConfigurationElement, das hinzugefügt werden soll.</param>
        </member>
        <member name="M:Microsoft.VisualStudio.TestTools.UnitTesting.DataSourceElementCollection.Remove(Microsoft.VisualStudio.TestTools.UnitTesting.DataSourceElement)">
            <summary>
            Entfernt ein System.Configuration.ConfigurationElement aus der Sammlung.
            </summary>
            <param name="element">Das <see cref="T:Microsoft.VisualStudio.TestTools.UnitTesting.DataSourceElement"/>.</param>
        </member>
        <member name="M:Microsoft.VisualStudio.TestTools.UnitTesting.DataSourceElementCollection.Remove(System.String)">
            <summary>
            Entfernt ein System.Configuration.ConfigurationElement aus der Sammlung.
            </summary>
            <param name="name">Der Schlüssel des zu entfernenden System.Configuration.ConfigurationElement.</param>
        </member>
        <member name="M:Microsoft.VisualStudio.TestTools.UnitTesting.DataSourceElementCollection.Clear">
            <summary>
            Entfernt alle Konfigurationselementobjekte aus der Sammlung.
            </summary>
        </member>
        <member name="M:Microsoft.VisualStudio.TestTools.UnitTesting.DataSourceElementCollection.CreateNewElement">
            <summary>
            Erstellt ein neues <see cref="T:Microsoft.VisualStudio.TestTools.UnitTesting.DataSourceElement"/>.
            </summary>
            <returns>Eine neues <see cref="T:Microsoft.VisualStudio.TestTools.UnitTesting.DataSourceElement"/>.</returns>
        </member>
        <member name="M:Microsoft.VisualStudio.TestTools.UnitTesting.DataSourceElementCollection.GetElementKey(System.Configuration.ConfigurationElement)">
            <summary>
            Ruft den Elementschlüssel für ein angegebenes Konfigurationselement ab.
            </summary>
            <param name="element">Das System.Configuration.ConfigurationElement, für das der Schlüssel zurückgegeben werden soll.</param>
            <returns>Ein System.Object, das als Schlüssel für das angegebene System.Configuration.ConfigurationElement fungiert.</returns>
        </member>
        <member name="M:Microsoft.VisualStudio.TestTools.UnitTesting.DataSourceElementCollection.BaseAdd(System.Configuration.ConfigurationElement)">
            <summary>
            Fügt der Konfigurationselementsammlung ein Konfigurationselement hinzu.
            </summary>
            <param name="element">Das System.Configuration.ConfigurationElement, das hinzugefügt werden soll.</param>
        </member>
        <member name="M:Microsoft.VisualStudio.TestTools.UnitTesting.DataSourceElementCollection.BaseAdd(System.Int32,System.Configuration.ConfigurationElement)">
            <summary>
            Fügt der Konfigurationselementsammlung ein Konfigurationselement hinzu.
            </summary>
            <param name="index">Die Stelle im Index, an der das angegebene System.Configuration.ConfigurationElement hinzugefügt werden soll.</param>
            <param name="element">Das System.Configuration.ConfigurationElement, das hinzugefügt werden soll.</param>
        </member>
        <member name="T:Microsoft.VisualStudio.TestTools.UnitTesting.TestConfiguration">
            <summary>
            Unterstützung für Konfigurationseinstellungen für Tests.
            </summary>
        </member>
        <member name="P:Microsoft.VisualStudio.TestTools.UnitTesting.TestConfiguration.ConfigurationSection">
            <summary>
            Ruft den Konfigurationsabschnitt für Tests ab.
            </summary>
        </member>
        <member name="T:Microsoft.VisualStudio.TestTools.UnitTesting.TestConfigurationSection">
            <summary>
            Der Konfigurationsabschnitt für Tests.
            </summary>
        </member>
        <member name="P:Microsoft.VisualStudio.TestTools.UnitTesting.TestConfigurationSection.DataSources">
            <summary>
            Gets the data sources for this configuration section.
            </summary>
        </member>
        <member name="P:Microsoft.VisualStudio.TestTools.UnitTesting.TestConfigurationSection.Properties">
            <summary>
            Ruft die Sammlung von Eigenschaften ab.
            </summary>
            <returns>
            Der <see cref="T:System.Configuration.ConfigurationPropertyCollection"/> mit Eigenschaften für das Element.
            </returns>
        </member>
        <member name="T:Microsoft.VisualStudio.TestTools.UnitTesting.PrivateObject">
            <summary>
            This class represents the live NON public INTERNAL object in the system
            </summary>
        </member>
        <member name="M:Microsoft.VisualStudio.TestTools.UnitTesting.PrivateObject.#ctor(System.Object,System.String)">
            <summary>
            Initializes a new instance of the <see cref="T:Microsoft.VisualStudio.TestTools.UnitTesting.PrivateObject"/> class that contains
            the already existing object of the private class
            </summary>
            <param name="obj"> Objekt, das als Ausgangspunkt zum Erreichen der privaten Member dient</param>
            <param name="memberToAccess">Die dereferenzierende Zeichenfolge mit ., die auf das abzurufende Objekt zeigt (wie in m_X.m_Y.m_Z).</param>
        </member>
        <member name="M:Microsoft.VisualStudio.TestTools.UnitTesting.PrivateObject.#ctor(System.String,System.String,System.Object[])">
            <summary>
            Initializes a new instance of the <see cref="T:Microsoft.VisualStudio.TestTools.UnitTesting.PrivateObject"/> class that wraps the
            specified type.
            </summary>
            <param name="assemblyName">Name of the assembly</param>
            <param name="typeName">Vollqualifizierter Name</param>
            <param name="args">Argumente, die an den Konstruktor übergeben werden sollen.</param>
        </member>
        <member name="M:Microsoft.VisualStudio.TestTools.UnitTesting.PrivateObject.#ctor(System.String,System.String,System.Type[],System.Object[])">
            <summary>
            Initializes a new instance of the <see cref="T:Microsoft.VisualStudio.TestTools.UnitTesting.PrivateObject"/> class that wraps the
            specified type.
            </summary>
            <param name="assemblyName">Name of the assembly</param>
            <param name="typeName">Vollqualifizierter Name</param>
            <param name="parameterTypes">Ein Array von <see cref="T:System.Type"/> Objekten, das die Anzahl, die Reihenfolge und den Typ der Parameter für den abzurufenden Konstruktor darstellt.</param>
            <param name="args">Argumente, die an den Konstruktor übergeben werden sollen.</param>
        </member>
        <member name="M:Microsoft.VisualStudio.TestTools.UnitTesting.PrivateObject.#ctor(System.Type,System.Object[])">
            <summary>
            Initializes a new instance of the <see cref="T:Microsoft.VisualStudio.TestTools.UnitTesting.PrivateObject"/> class that wraps the
            specified type.
            </summary>
            <param name="type">Typ des zu erstellenden Objekts</param>
            <param name="args">Argumente, die an den Konstruktor übergeben werden sollen.</param>
        </member>
        <member name="M:Microsoft.VisualStudio.TestTools.UnitTesting.PrivateObject.#ctor(System.Type,System.Type[],System.Object[])">
            <summary>
            Initializes a new instance of the <see cref="T:Microsoft.VisualStudio.TestTools.UnitTesting.PrivateObject"/> class that wraps the
            specified type.
            </summary>
            <param name="type">Typ des zu erstellenden Objekts</param>
            <param name="parameterTypes">Ein Array von <see cref="T:System.Type"/> Objekten, das die Anzahl, die Reihenfolge und den Typ der Parameter für den abzurufenden Konstruktor darstellt.</param>
            <param name="args">Argumente, die an den Konstruktor übergeben werden sollen.</param>
        </member>
        <member name="M:Microsoft.VisualStudio.TestTools.UnitTesting.PrivateObject.#ctor(System.Object)">
            <summary>
            Initializes a new instance of the <see cref="T:Microsoft.VisualStudio.TestTools.UnitTesting.PrivateObject"/> class that wraps
            the given object.
            </summary>
            <param name="obj">Das zu umschließende Objekt.</param>
        </member>
        <member name="M:Microsoft.VisualStudio.TestTools.UnitTesting.PrivateObject.#ctor(System.Object,Microsoft.VisualStudio.TestTools.UnitTesting.PrivateType)">
            <summary>
            Initializes a new instance of the <see cref="T:Microsoft.VisualStudio.TestTools.UnitTesting.PrivateObject"/> class that wraps
            the given object.
            </summary>
            <param name="obj">Das zu umschließende Objekt.</param>
            <param name="type">PrivateType-Objekt</param>
        </member>
        <member name="P:Microsoft.VisualStudio.TestTools.UnitTesting.PrivateObject.Target">
            <summary>
            Gets or sets the target
            </summary>
        </member>
        <member name="P:Microsoft.VisualStudio.TestTools.UnitTesting.PrivateObject.RealType">
            <summary>
            Gets the type of underlying object
            </summary>
        </member>
        <member name="M:Microsoft.VisualStudio.TestTools.UnitTesting.PrivateObject.GetHashCode">
            <summary>
            Gibt den Hashcode des Zielobjekts zurück.
            </summary>
            <returns>int-Wert, der den Hashcode des Zielobjekts darstellt.</returns>
        </member>
        <member name="M:Microsoft.VisualStudio.TestTools.UnitTesting.PrivateObject.Equals(System.Object)">
            <summary>
            Ist gleich
            </summary>
            <param name="obj">Objekt, mit dem verglichen werden soll</param>
            <returns>returns true if the objects are equal.</returns>
        </member>
        <member name="M:Microsoft.VisualStudio.TestTools.UnitTesting.PrivateObject.Invoke(System.String,System.Object[])">
            <summary>
            Ruft die angegebene Methode auf.
            </summary>
            <param name="name">Name of the method</param>
            <param name="args">An den aufzurufenden Member zu übergebende Argumente.</param>
            <returns>Ergebnis des Methodenaufrufs</returns>
        </member>
        <member name="M:Microsoft.VisualStudio.TestTools.UnitTesting.PrivateObject.Invoke(System.String,System.Type[],System.Object[])">
            <summary>
            Ruft die angegebene Methode auf.
            </summary>
            <param name="name">Name of the method</param>
            <param name="parameterTypes">Ein Array von <see cref="T:System.Type"/> Objekten, das die Anzahl, die Reihenfolge und den Typ der Parameter für die abzurufende Methode darstellt.</param>
            <param name="args">An den aufzurufenden Member zu übergebende Argumente.</param>
            <returns>Ergebnis des Methodenaufrufs</returns>
        </member>
        <member name="M:Microsoft.VisualStudio.TestTools.UnitTesting.PrivateObject.Invoke(System.String,System.Type[],System.Object[],System.Type[])">
            <summary>
            Ruft die angegebene Methode auf.
            </summary>
            <param name="name">Name of the method</param>
            <param name="parameterTypes">Ein Array von <see cref="T:System.Type"/> Objekten, das die Anzahl, die Reihenfolge und den Typ der Parameter für die abzurufende Methode darstellt.</param>
            <param name="args">An den aufzurufenden Member zu übergebende Argumente.</param>
            <param name="typeArguments">Ein Array von Typen, das den Typen der generischen Argumente entspricht.</param>
            <returns>Ergebnis des Methodenaufrufs</returns>
        </member>
        <member name="M:Microsoft.VisualStudio.TestTools.UnitTesting.PrivateObject.Invoke(System.String,System.Object[],System.Globalization.CultureInfo)">
            <summary>
            Ruft die angegebene Methode auf.
            </summary>
            <param name="name">Name of the method</param>
            <param name="args">An den aufzurufenden Member zu übergebende Argumente.</param>
            <param name="culture">Kulturinformation</param>
            <returns>Ergebnis des Methodenaufrufs</returns>
        </member>
        <member name="M:Microsoft.VisualStudio.TestTools.UnitTesting.PrivateObject.Invoke(System.String,System.Type[],System.Object[],System.Globalization.CultureInfo)">
            <summary>
            Ruft die angegebene Methode auf.
            </summary>
            <param name="name">Name of the method</param>
            <param name="parameterTypes">Ein Array von <see cref="T:System.Type"/> Objekten, das die Anzahl, die Reihenfolge und den Typ der Parameter für die abzurufende Methode darstellt.</param>
            <param name="args">An den aufzurufenden Member zu übergebende Argumente.</param>
            <param name="culture">Kulturinformation</param>
            <returns>Ergebnis des Methodenaufrufs</returns>
        </member>
        <member name="M:Microsoft.VisualStudio.TestTools.UnitTesting.PrivateObject.Invoke(System.String,System.Reflection.BindingFlags,System.Object[])">
            <summary>
            Ruft die angegebene Methode auf.
            </summary>
            <param name="name">Name of the method</param>
            <param name="bindingFlags">Eine Bitmaske aus mindestens einem <see cref="T:System.Reflection.BindingFlags"/> die angeben, wie die Suche ausgeführt wird.</param>
            <param name="args">An den aufzurufenden Member zu übergebende Argumente.</param>
            <returns>Ergebnis des Methodenaufrufs</returns>
        </member>
        <member name="M:Microsoft.VisualStudio.TestTools.UnitTesting.PrivateObject.Invoke(System.String,System.Reflection.BindingFlags,System.Type[],System.Object[])">
            <summary>
            Ruft die angegebene Methode auf.
            </summary>
            <param name="name">Name of the method</param>
            <param name="bindingFlags">Eine Bitmaske aus mindestens einem <see cref="T:System.Reflection.BindingFlags"/> die angeben, wie die Suche ausgeführt wird.</param>
            <param name="parameterTypes">Ein Array von <see cref="T:System.Type"/> Objekten, das die Anzahl, die Reihenfolge und den Typ der Parameter für die abzurufende Methode darstellt.</param>
            <param name="args">An den aufzurufenden Member zu übergebende Argumente.</param>
            <returns>Ergebnis des Methodenaufrufs</returns>
        </member>
        <member name="M:Microsoft.VisualStudio.TestTools.UnitTesting.PrivateObject.Invoke(System.String,System.Reflection.BindingFlags,System.Object[],System.Globalization.CultureInfo)">
            <summary>
            Ruft die angegebene Methode auf.
            </summary>
            <param name="name">Name of the method</param>
            <param name="bindingFlags">Eine Bitmaske aus mindestens einem <see cref="T:System.Reflection.BindingFlags"/> die angeben, wie die Suche ausgeführt wird.</param>
            <param name="args">An den aufzurufenden Member zu übergebende Argumente.</param>
            <param name="culture">Kulturinformation</param>
            <returns>Ergebnis des Methodenaufrufs</returns>
        </member>
        <member name="M:Microsoft.VisualStudio.TestTools.UnitTesting.PrivateObject.Invoke(System.String,System.Reflection.BindingFlags,System.Type[],System.Object[],System.Globalization.CultureInfo)">
            <summary>
            Ruft die angegebene Methode auf.
            </summary>
            <param name="name">Name of the method</param>
            <param name="bindingFlags">Eine Bitmaske aus mindestens einem <see cref="T:System.Reflection.BindingFlags"/> die angeben, wie die Suche ausgeführt wird.</param>
            <param name="parameterTypes">Ein Array von <see cref="T:System.Type"/> Objekten, das die Anzahl, die Reihenfolge und den Typ der Parameter für die abzurufende Methode darstellt.</param>
            <param name="args">An den aufzurufenden Member zu übergebende Argumente.</param>
            <param name="culture">Kulturinformation</param>
            <returns>Ergebnis des Methodenaufrufs</returns>
        </member>
        <member name="M:Microsoft.VisualStudio.TestTools.UnitTesting.PrivateObject.Invoke(System.String,System.Reflection.BindingFlags,System.Type[],System.Object[],System.Globalization.CultureInfo,System.Type[])">
            <summary>
            Ruft die angegebene Methode auf.
            </summary>
            <param name="name">Der Name der Methode.</param>
            <param name="bindingFlags">Eine Bitmaske aus mindestens einem <see cref="T:System.Reflection.BindingFlags"/> die angeben, wie die Suche ausgeführt wird.</param>
            <param name="parameterTypes">Ein Array von <see cref="T:System.Type"/> Objekten, das die Anzahl, die Reihenfolge und den Typ der Parameter für die abzurufende Methode darstellt.</param>
            <param name="args">An den aufzurufenden Member zu übergebende Argumente.</param>
            <param name="culture">Kulturinformation</param>
            <param name="typeArguments">Ein Array von Typen, das den Typen der generischen Argumente entspricht.</param>
            <returns>Ergebnis des Methodenaufrufs</returns>
        </member>
        <member name="M:Microsoft.VisualStudio.TestTools.UnitTesting.PrivateObject.GetArrayElement(System.String,System.Int32[])">
            <summary>
            Gets the array element using array of subsrcipts for each dimension
            </summary>
            <param name="name">Name of the member</param>
            <param name="indices">Indizes des Arrays</param>
            <returns>An arrya of elements.</returns>
        </member>
        <member name="M:Microsoft.VisualStudio.TestTools.UnitTesting.PrivateObject.SetArrayElement(System.String,System.Object,System.Int32[])">
            <summary>
            Sets the array element using array of subsrcipts for each dimension
            </summary>
            <param name="name">Name of the member</param>
            <param name="value">Der festzulegende Wert</param>
            <param name="indices">Indizes des Arrays</param>
        </member>
        <member name="M:Microsoft.VisualStudio.TestTools.UnitTesting.PrivateObject.GetArrayElement(System.String,System.Reflection.BindingFlags,System.Int32[])">
            <summary>
            Gets the array element using array of subsrcipts for each dimension
            </summary>
            <param name="name">Name of the member</param>
            <param name="bindingFlags">Eine Bitmaske aus mindestens einem <see cref="T:System.Reflection.BindingFlags"/> die angeben, wie die Suche ausgeführt wird.</param>
            <param name="indices">Indizes des Arrays</param>
            <returns>An arrya of elements.</returns>
        </member>
        <member name="M:Microsoft.VisualStudio.TestTools.UnitTesting.PrivateObject.SetArrayElement(System.String,System.Reflection.BindingFlags,System.Object,System.Int32[])">
            <summary>
            Sets the array element using array of subsrcipts for each dimension
            </summary>
            <param name="name">Name of the member</param>
            <param name="bindingFlags">Eine Bitmaske aus mindestens einem <see cref="T:System.Reflection.BindingFlags"/> die angeben, wie die Suche ausgeführt wird.</param>
            <param name="value">Der festzulegende Wert</param>
            <param name="indices">Indizes des Arrays</param>
        </member>
        <member name="M:Microsoft.VisualStudio.TestTools.UnitTesting.PrivateObject.GetField(System.String)">
            <summary>
            Ruft das Feld ab.
            </summary>
            <param name="name">Name of the field</param>
            <returns>The field.</returns>
        </member>
        <member name="M:Microsoft.VisualStudio.TestTools.UnitTesting.PrivateObject.SetField(System.String,System.Object)">
            <summary>
            Legt das Feld fest.
            </summary>
            <param name="name">Name of the field</param>
            <param name="value">Der festzulegende Wert</param>
        </member>
        <member name="M:Microsoft.VisualStudio.TestTools.UnitTesting.PrivateObject.GetField(System.String,System.Reflection.BindingFlags)">
            <summary>
            Ruft das Feld ab.
            </summary>
            <param name="name">Name of the field</param>
            <param name="bindingFlags">Eine Bitmaske aus mindestens einem <see cref="T:System.Reflection.BindingFlags"/> die angeben, wie die Suche ausgeführt wird.</param>
            <returns>The field.</returns>
        </member>
        <member name="M:Microsoft.VisualStudio.TestTools.UnitTesting.PrivateObject.SetField(System.String,System.Reflection.BindingFlags,System.Object)">
            <summary>
            Legt das Feld fest.
            </summary>
            <param name="name">Name of the field</param>
            <param name="bindingFlags">Eine Bitmaske aus mindestens einem <see cref="T:System.Reflection.BindingFlags"/> die angeben, wie die Suche ausgeführt wird.</param>
            <param name="value">Der festzulegende Wert</param>
        </member>
        <member name="M:Microsoft.VisualStudio.TestTools.UnitTesting.PrivateObject.GetFieldOrProperty(System.String)">
            <summary>
            Ruft das Feld oder die Eigenschaft ab.
            </summary>
            <param name="name">Der Name des Felds oder der Eigenschaft.</param>
            <returns>The field or property.</returns>
        </member>
        <member name="M:Microsoft.VisualStudio.TestTools.UnitTesting.PrivateObject.SetFieldOrProperty(System.String,System.Object)">
            <summary>
            Legt das Feld oder die Eigenschaft fest.
            </summary>
            <param name="name">Der Name des Felds oder der Eigenschaft.</param>
            <param name="value">Der festzulegende Wert</param>
        </member>
        <member name="M:Microsoft.VisualStudio.TestTools.UnitTesting.PrivateObject.GetFieldOrProperty(System.String,System.Reflection.BindingFlags)">
            <summary>
            Ruft das Feld oder die Eigenschaft ab.
            </summary>
            <param name="name">Der Name des Felds oder der Eigenschaft.</param>
            <param name="bindingFlags">Eine Bitmaske aus mindestens einem <see cref="T:System.Reflection.BindingFlags"/> die angeben, wie die Suche ausgeführt wird.</param>
            <returns>The field or property.</returns>
        </member>
        <member name="M:Microsoft.VisualStudio.TestTools.UnitTesting.PrivateObject.SetFieldOrProperty(System.String,System.Reflection.BindingFlags,System.Object)">
            <summary>
            Legt das Feld oder die Eigenschaft fest.
            </summary>
            <param name="name">Der Name des Felds oder der Eigenschaft.</param>
            <param name="bindingFlags">Eine Bitmaske aus mindestens einem <see cref="T:System.Reflection.BindingFlags"/> die angeben, wie die Suche ausgeführt wird.</param>
            <param name="value">Der festzulegende Wert</param>
        </member>
        <member name="M:Microsoft.VisualStudio.TestTools.UnitTesting.PrivateObject.GetProperty(System.String,System.Object[])">
            <summary>
            Ruft die Eigenschaft ab.
            </summary>
            <param name="name">Der Name der Eigenschaft.</param>
            <param name="args">An den aufzurufenden Member zu übergebende Argumente.</param>
            <returns>The property.</returns>
        </member>
        <member name="M:Microsoft.VisualStudio.TestTools.UnitTesting.PrivateObject.GetProperty(System.String,System.Type[],System.Object[])">
            <summary>
            Ruft die Eigenschaft ab.
            </summary>
            <param name="name">Der Name der Eigenschaft.</param>
            <param name="parameterTypes">Ein Array von <see cref="T:System.Type"/> Objekten, das die Anzahl, die Reihenfolge und den Typ der Parameter für die indizierte Eigenschaft darstellt.</param>
            <param name="args">An den aufzurufenden Member zu übergebende Argumente.</param>
            <returns>The property.</returns>
        </member>
        <member name="M:Microsoft.VisualStudio.TestTools.UnitTesting.PrivateObject.SetProperty(System.String,System.Object,System.Object[])">
            <summary>
            Legt die Eigenschaft fest.
            </summary>
            <param name="name">Der Name der Eigenschaft.</param>
            <param name="value">Der festzulegende Wert</param>
            <param name="args">An den aufzurufenden Member zu übergebende Argumente.</param>
        </member>
        <member name="M:Microsoft.VisualStudio.TestTools.UnitTesting.PrivateObject.SetProperty(System.String,System.Type[],System.Object,System.Object[])">
            <summary>
            Legt die Eigenschaft fest.
            </summary>
            <param name="name">Der Name der Eigenschaft.</param>
            <param name="parameterTypes">Ein Array von <see cref="T:System.Type"/> Objekten, das die Anzahl, die Reihenfolge und den Typ der Parameter für die indizierte Eigenschaft darstellt.</param>
            <param name="value">Der festzulegende Wert</param>
            <param name="args">An den aufzurufenden Member zu übergebende Argumente.</param>
        </member>
        <member name="M:Microsoft.VisualStudio.TestTools.UnitTesting.PrivateObject.GetProperty(System.String,System.Reflection.BindingFlags,System.Object[])">
            <summary>
            Ruft die Eigenschaft ab.
            </summary>
            <param name="name">Name of the property</param>
            <param name="bindingFlags">Eine Bitmaske aus mindestens einem <see cref="T:System.Reflection.BindingFlags"/> die angeben, wie die Suche ausgeführt wird.</param>
            <param name="args">An den aufzurufenden Member zu übergebende Argumente.</param>
            <returns>The property.</returns>
        </member>
        <member name="M:Microsoft.VisualStudio.TestTools.UnitTesting.PrivateObject.GetProperty(System.String,System.Reflection.BindingFlags,System.Type[],System.Object[])">
            <summary>
            Ruft die Eigenschaft ab.
            </summary>
            <param name="name">Name of the property</param>
            <param name="bindingFlags">Eine Bitmaske aus mindestens einem <see cref="T:System.Reflection.BindingFlags"/> die angeben, wie die Suche ausgeführt wird.</param>
            <param name="parameterTypes">Ein Array von <see cref="T:System.Type"/> Objekten, das die Anzahl, die Reihenfolge und den Typ der Parameter für die indizierte Eigenschaft darstellt.</param>
            <param name="args">An den aufzurufenden Member zu übergebende Argumente.</param>
            <returns>The property.</returns>
        </member>
        <member name="M:Microsoft.VisualStudio.TestTools.UnitTesting.PrivateObject.SetProperty(System.String,System.Reflection.BindingFlags,System.Object,System.Object[])">
            <summary>
            Legt die Eigenschaft fest.
            </summary>
            <param name="name">Der Name der Eigenschaft.</param>
            <param name="bindingFlags">Eine Bitmaske aus mindestens einem <see cref="T:System.Reflection.BindingFlags"/> die angeben, wie die Suche ausgeführt wird.</param>
            <param name="value">Der festzulegende Wert</param>
            <param name="args">An den aufzurufenden Member zu übergebende Argumente.</param>
        </member>
        <member name="M:Microsoft.VisualStudio.TestTools.UnitTesting.PrivateObject.SetProperty(System.String,System.Reflection.BindingFlags,System.Object,System.Type[],System.Object[])">
            <summary>
            Legt die Eigenschaft fest.
            </summary>
            <param name="name">Der Name der Eigenschaft.</param>
            <param name="bindingFlags">Eine Bitmaske aus mindestens einem <see cref="T:System.Reflection.BindingFlags"/> die angeben, wie die Suche ausgeführt wird.</param>
            <param name="value">Der festzulegende Wert</param>
            <param name="parameterTypes">Ein Array von <see cref="T:System.Type"/> Objekten, das die Anzahl, die Reihenfolge und den Typ der Parameter für die indizierte Eigenschaft darstellt.</param>
            <param name="args">An den aufzurufenden Member zu übergebende Argumente.</param>
        </member>
        <member name="M:Microsoft.VisualStudio.TestTools.UnitTesting.PrivateObject.ValidateAccessString(System.String)">
            <summary>
            Überprüft die Zugriffszeichenfolge.
            </summary>
            <param name="access"> Zugriffszeichenfolge</param>
        </member>
        <member name="M:Microsoft.VisualStudio.TestTools.UnitTesting.PrivateObject.InvokeHelper(System.String,System.Reflection.BindingFlags,System.Object[],System.Globalization.CultureInfo)">
            <summary>
            Ruft den Member auf.
            </summary>
            <param name="name">Name of the member</param>
            <param name="bindingFlags">Zusätzliche Attribute</param>
            <param name="args">Argumente für den Aufruf</param>
            <param name="culture">Kultur</param>
            <returns>Ergebnis des Aufrufs</returns>
        </member>
        <member name="M:Microsoft.VisualStudio.TestTools.UnitTesting.PrivateObject.GetGenericMethodFromCache(System.String,System.Type[],System.Type[],System.Reflection.BindingFlags,System.Reflection.ParameterModifier[])">
            <summary>
            Extrahiert die am besten geeignete generische Methodensignatur aus dem aktuellen privaten Typ.
            </summary>
            <param name="methodName">Der Name der Methode, in der der Signaturcache gesucht werden soll.</param>
            <param name="parameterTypes">Ein Array von Typen, das den Typen der Parameter entspricht, in denen gesucht werden soll.</param>
            <param name="typeArguments">Ein Array von Typen, das den Typen der generischen Argumente entspricht.</param>
            <param name="bindingFlags"><see cref="T:System.Reflection.BindingFlags"/> zum weiteren Filtern der Methodensignaturen.</param>
            <param name="modifiers">Modifiers for parameters.</param>
            <returns>A methodinfo instance.</returns>
        </member>
        <member name="T:Microsoft.VisualStudio.TestTools.UnitTesting.PrivateType">
            <summary>
            This class represents a private class for the Private Accessor functionality.
            </summary>
        </member>
        <member name="F:Microsoft.VisualStudio.TestTools.UnitTesting.PrivateType.BindToEveryThing">
            <summary>
            Bindet an alles.
            </summary>
        </member>
        <member name="F:Microsoft.VisualStudio.TestTools.UnitTesting.PrivateType.type">
            <summary>
            The wrapped type.
            </summary>
        </member>
        <member name="M:Microsoft.VisualStudio.TestTools.UnitTesting.PrivateType.#ctor(System.String,System.String)">
            <summary>
            Initializes a new instance of the <see cref="T:Microsoft.VisualStudio.TestTools.UnitTesting.PrivateType"/> class that contains the private type.
            </summary>
            <param name="assemblyName">Assemblyname</param>
            <param name="typeName">Der vollqualifizierte Name von </param>
        </member>
        <member name="M:Microsoft.VisualStudio.TestTools.UnitTesting.PrivateType.#ctor(System.Type)">
            <summary>
            Initializes a new instance of the <see cref="T:Microsoft.VisualStudio.TestTools.UnitTesting.PrivateType"/> class that contains
            the private type from the type object
            </summary>
            <param name="type">Der umschlossene Typ, der erstellt werden soll.</param>
        </member>
        <member name="P:Microsoft.VisualStudio.TestTools.UnitTesting.PrivateType.ReferencedType">
            <summary>
            Ruft den referenzierten Typ ab.
            </summary>
        </member>
        <member name="M:Microsoft.VisualStudio.TestTools.UnitTesting.PrivateType.InvokeStatic(System.String,System.Object[])">
            <summary>
            Ruft den statischen Member auf.
            </summary>
            <param name="name">Der Name des Members, für den InvokeHelper aufgerufen werden soll.</param>
            <param name="args">Argumente für den Aufruf</param>
            <returns>Ergebnis des Aufrufs</returns>
        </member>
        <member name="M:Microsoft.VisualStudio.TestTools.UnitTesting.PrivateType.InvokeStatic(System.String,System.Type[],System.Object[])">
            <summary>
            Ruft den statischen Member auf.
            </summary>
            <param name="name">Der Name des Members, für den InvokeHelper aufgerufen werden soll.</param>
            <param name="parameterTypes">Ein Array von <see cref="T:System.Type"/> Objekten, das die Anzahl, die Reihenfolge und den Typ der Parameter für die aufzurufende Methode darstellt.</param>
            <param name="args">Argumente für den Aufruf</param>
            <returns>Ergebnis des Aufrufs</returns>
        </member>
        <member name="M:Microsoft.VisualStudio.TestTools.UnitTesting.PrivateType.InvokeStatic(System.String,System.Type[],System.Object[],System.Type[])">
            <summary>
            Ruft den statischen Member auf.
            </summary>
            <param name="name">Der Name des Members, für den InvokeHelper aufgerufen werden soll.</param>
            <param name="parameterTypes">Ein Array von <see cref="T:System.Type"/> Objekten, das die Anzahl, die Reihenfolge und den Typ der Parameter für die aufzurufende Methode darstellt.</param>
            <param name="args">Argumente für den Aufruf</param>
            <param name="typeArguments">Ein Array von Typen, das den Typen der generischen Argumente entspricht.</param>
            <returns>Ergebnis des Aufrufs</returns>
        </member>
        <member name="M:Microsoft.VisualStudio.TestTools.UnitTesting.PrivateType.InvokeStatic(System.String,System.Object[],System.Globalization.CultureInfo)">
            <summary>
            Ruft die statische Methode auf.
            </summary>
            <param name="name">Name of the member</param>
            <param name="args">Argumente für den Aufruf</param>
            <param name="culture">Kultur</param>
            <returns>Ergebnis des Aufrufs</returns>
        </member>
        <member name="M:Microsoft.VisualStudio.TestTools.UnitTesting.PrivateType.InvokeStatic(System.String,System.Type[],System.Object[],System.Globalization.CultureInfo)">
            <summary>
            Ruft die statische Methode auf.
            </summary>
            <param name="name">Name of the member</param>
            <param name="parameterTypes">Ein Array von <see cref="T:System.Type"/> Objekten, das die Anzahl, die Reihenfolge und den Typ der Parameter für die aufzurufende Methode darstellt.</param>
            <param name="args">Argumente für den Aufruf</param>
            <param name="culture">Kulturinformation</param>
            <returns>Ergebnis des Aufrufs</returns>
        </member>
        <member name="M:Microsoft.VisualStudio.TestTools.UnitTesting.PrivateType.InvokeStatic(System.String,System.Reflection.BindingFlags,System.Object[])">
            <summary>
            Ruft die statische Methode auf.
            </summary>
            <param name="name">Name of the member</param>
            <param name="bindingFlags">Zusätzliche Aufrufattribute</param>
            <param name="args">Argumente für den Aufruf</param>
            <returns>Ergebnis des Aufrufs</returns>
        </member>
        <member name="M:Microsoft.VisualStudio.TestTools.UnitTesting.PrivateType.InvokeStatic(System.String,System.Reflection.BindingFlags,System.Type[],System.Object[])">
            <summary>
            Ruft die statische Methode auf.
            </summary>
            <param name="name">Name of the member</param>
            <param name="bindingFlags">Zusätzliche Aufrufattribute</param>
            <param name="parameterTypes">Ein Array von <see cref="T:System.Type"/> Objekten, das die Anzahl, die Reihenfolge und den Typ der Parameter für die aufzurufende Methode darstellt.</param>
            <param name="args">Argumente für den Aufruf</param>
            <returns>Ergebnis des Aufrufs</returns>
        </member>
        <member name="M:Microsoft.VisualStudio.TestTools.UnitTesting.PrivateType.InvokeStatic(System.String,System.Reflection.BindingFlags,System.Object[],System.Globalization.CultureInfo)">
            <summary>
            Ruft die statische Methode auf.
            </summary>
            <param name="name">Der Name des Members.</param>
            <param name="bindingFlags">Zusätzliche Aufrufattribute</param>
            <param name="args">Argumente für den Aufruf</param>
            <param name="culture">Kultur</param>
            <returns>Ergebnis des Aufrufs</returns>
        </member>
        <member name="M:Microsoft.VisualStudio.TestTools.UnitTesting.PrivateType.InvokeStatic(System.String,System.Reflection.BindingFlags,System.Type[],System.Object[],System.Globalization.CultureInfo)">
            <summary>
            Ruft die statische Methode auf.
            </summary>
            <param name="name">Der Name des Members.</param>
            <param name="bindingFlags">Zusätzliche Aufrufattribute</param>
            /// <param name="parameterTypes">Ein Array von <see cref="T:System.Type"/> Objekten, das die Anzahl, die Reihenfolge und den Typ der Parameter für die aufzurufende Methode darstellt.</param>
            <param name="args">Argumente für den Aufruf</param>
            <param name="culture">Kultur</param>
            <returns>Ergebnis des Aufrufs</returns>
        </member>
        <member name="M:Microsoft.VisualStudio.TestTools.UnitTesting.PrivateType.InvokeStatic(System.String,System.Reflection.BindingFlags,System.Type[],System.Object[],System.Globalization.CultureInfo,System.Type[])">
            <summary>
            Ruft die statische Methode auf.
            </summary>
            <param name="name">Der Name des Members.</param>
            <param name="bindingFlags">Zusätzliche Aufrufattribute</param>
            /// <param name="parameterTypes">Ein Array von <see cref="T:System.Type"/> Objekten, das die Anzahl, die Reihenfolge und den Typ der Parameter für die aufzurufende Methode darstellt.</param>
            <param name="args">Argumente für den Aufruf</param>
            <param name="culture">Kultur</param>
            <param name="typeArguments">Ein Array von Typen, das den Typen der generischen Argumente entspricht.</param>
            <returns>Ergebnis des Aufrufs</returns>
        </member>
        <member name="M:Microsoft.VisualStudio.TestTools.UnitTesting.PrivateType.GetStaticArrayElement(System.String,System.Int32[])">
            <summary>
            Ruft das Element im statischen Array ab.
            </summary>
            <param name="name">Name of the array</param>
            <param name="indices">
            Ein eindimensionales Array aus ganzzahligen 32-Bit-Werten, die die Indizes darstellen, welche
            die Position des abzurufenden Elements angeben. Um z. B. auf "a[10][11]" zuzugreifen, würden die Indizes {10,11} lauten.
            </param>
            <returns>Element an der angegebenen Position</returns>
        </member>
        <member name="M:Microsoft.VisualStudio.TestTools.UnitTesting.PrivateType.SetStaticArrayElement(System.String,System.Object,System.Int32[])">
            <summary>
            Legt den Member des statischen Arrays fest.
            </summary>
            <param name="name">Name of the array</param>
            <param name="value">Der festzulegende Wert</param>
            <param name="indices">
            Ein eindimensionales Array aus ganzzahligen 32-Bit-Werten, die die Indizes darstellen, welche
            die Position des festzulegenden Elements angeben. Um z. B. auf "a[10][11]" zuzugreifen, würde das Array {10,11} lauten.
            </param>
        </member>
        <member name="M:Microsoft.VisualStudio.TestTools.UnitTesting.PrivateType.GetStaticArrayElement(System.String,System.Reflection.BindingFlags,System.Int32[])">
            <summary>
            Gets the element in satatic array
            </summary>
            <param name="name">Name of the array</param>
            <param name="bindingFlags">Zusätzliche InvokeHelper-Attribute</param>
            <param name="indices">
            Ein eindimensionales Array aus ganzzahligen 32-Bit-Werten, die die Indizes darstellen, welche
            die Position des abzurufenden Elements angeben. Um z. B. auf "a[10][11]" zuzugreifen, würde das Array {10,11} lauten.
            </param>
            <returns>Element an der angegebenen Position</returns>
        </member>
        <member name="M:Microsoft.VisualStudio.TestTools.UnitTesting.PrivateType.SetStaticArrayElement(System.String,System.Reflection.BindingFlags,System.Object,System.Int32[])">
            <summary>
            Legt den Member des statischen Arrays fest.
            </summary>
            <param name="name">Name of the array</param>
            <param name="bindingFlags">Zusätzliche InvokeHelper-Attribute</param>
            <param name="value">Der festzulegende Wert</param>
            <param name="indices">
            Ein eindimensionales Array aus ganzzahligen 32-Bit-Werten, die die Indizes darstellen, welche
            die Position des festzulegenden Elements angeben. Um z. B. auf "[10][11]" zuzugreifen, würde das Array {10,11} lauten.
            </param>
        </member>
        <member name="M:Microsoft.VisualStudio.TestTools.UnitTesting.PrivateType.GetStaticField(System.String)">
            <summary>
            Ruft das statische Feld ab.
            </summary>
            <param name="name">Der Name des Felds.</param>
            <returns>The static field.</returns>
        </member>
        <member name="M:Microsoft.VisualStudio.TestTools.UnitTesting.PrivateType.SetStaticField(System.String,System.Object)">
            <summary>
            Legt das statische Feld fest.
            </summary>
            <param name="name">Der Name des Felds.</param>
            <param name="value">Argument für den Aufruf</param>
        </member>
        <member name="M:Microsoft.VisualStudio.TestTools.UnitTesting.PrivateType.GetStaticField(System.String,System.Reflection.BindingFlags)">
            <summary>
            Ruft das statische Feld mit den angegebenen InvokeHelper-Attributen ab.
            </summary>
            <param name="name">Der Name des Felds.</param>
            <param name="bindingFlags">Zusätzliche Aufrufattribute</param>
            <returns>The static field.</returns>
        </member>
        <member name="M:Microsoft.VisualStudio.TestTools.UnitTesting.PrivateType.SetStaticField(System.String,System.Reflection.BindingFlags,System.Object)">
            <summary>
            Legt das statische Feld mit Bindungsattributen fest.
            </summary>
            <param name="name">Der Name des Felds.</param>
            <param name="bindingFlags">Zusätzliche InvokeHelper-Attribute</param>
            <param name="value">Argument für den Aufruf</param>
        </member>
        <member name="M:Microsoft.VisualStudio.TestTools.UnitTesting.PrivateType.GetStaticFieldOrProperty(System.String)">
            <summary>
            Ruft das statische Feld oder die Eigenschaft ab.
            </summary>
            <param name="name">Der Name des Felds oder der Eigenschaft.</param>
            <returns>The static field or property.</returns>
        </member>
        <member name="M:Microsoft.VisualStudio.TestTools.UnitTesting.PrivateType.SetStaticFieldOrProperty(System.String,System.Object)">
            <summary>
            Legt das statische Feld oder die Eigenschaft fest.
            </summary>
            <param name="name">Der Name des Felds oder der Eigenschaft.</param>
            <param name="value">Der Wert, auf den das Feld oder die Eigenschaft festgelegt wird.</param>
        </member>
        <member name="M:Microsoft.VisualStudio.TestTools.UnitTesting.PrivateType.GetStaticFieldOrProperty(System.String,System.Reflection.BindingFlags)">
            <summary>
            Ruft das statische Feld mit den angegebenen InvokeHelper-Attributen ab.
            </summary>
            <param name="name">Der Name des Felds oder der Eigenschaft.</param>
            <param name="bindingFlags">Zusätzliche Aufrufattribute</param>
            <returns>The static field or property.</returns>
        </member>
        <member name="M:Microsoft.VisualStudio.TestTools.UnitTesting.PrivateType.SetStaticFieldOrProperty(System.String,System.Reflection.BindingFlags,System.Object)">
            <summary>
            Legt das statische Feld mit Bindungsattributen fest.
            </summary>
            <param name="name">Der Name des Felds oder der Eigenschaft.</param>
            <param name="bindingFlags">Zusätzliche Aufrufattribute</param>
            <param name="value">Der Wert, auf den das Feld oder die Eigenschaft festgelegt wird.</param>
        </member>
        <member name="M:Microsoft.VisualStudio.TestTools.UnitTesting.PrivateType.GetStaticProperty(System.String,System.Object[])">
            <summary>
            Ruft die statische Eigenschaft ab.
            </summary>
            <param name="name">Der Name des Felds oder der Eigenschaft.</param>
            <param name="args">Argumente für den Aufruf</param>
            <returns>The static property.</returns>
        </member>
        <member name="M:Microsoft.VisualStudio.TestTools.UnitTesting.PrivateType.SetStaticProperty(System.String,System.Object,System.Object[])">
            <summary>
            Legt die statische Eigenschaft fest.
            </summary>
            <param name="name">Der Name der Eigenschaft.</param>
            <param name="value">Der Wert, auf den das Feld oder die Eigenschaft festgelegt wird.</param>
            <param name="args">An den aufzurufenden Member zu übergebende Argumente.</param>
        </member>
        <member name="M:Microsoft.VisualStudio.TestTools.UnitTesting.PrivateType.SetStaticProperty(System.String,System.Object,System.Type[],System.Object[])">
            <summary>
            Legt die statische Eigenschaft fest.
            </summary>
            <param name="name">Der Name der Eigenschaft.</param>
            <param name="value">Der Wert, auf den das Feld oder die Eigenschaft festgelegt wird.</param>
            <param name="parameterTypes">Ein Array von <see cref="T:System.Type"/> Objekten, das die Anzahl, die Reihenfolge und den Typ der Parameter für die indizierte Eigenschaft darstellt.</param>
            <param name="args">An den aufzurufenden Member zu übergebende Argumente.</param>
        </member>
        <member name="M:Microsoft.VisualStudio.TestTools.UnitTesting.PrivateType.GetStaticProperty(System.String,System.Reflection.BindingFlags,System.Object[])">
            <summary>
            Ruft die statische Eigenschaft ab.
            </summary>
            <param name="name">Der Name der Eigenschaft.</param>
            <param name="bindingFlags">Zusätzliche Aufrufattribute.</param>
            <param name="args">An den aufzurufenden Member zu übergebende Argumente.</param>
            <returns>The static property.</returns>
        </member>
        <member name="M:Microsoft.VisualStudio.TestTools.UnitTesting.PrivateType.GetStaticProperty(System.String,System.Reflection.BindingFlags,System.Type[],System.Object[])">
            <summary>
            Ruft die statische Eigenschaft ab.
            </summary>
            <param name="name">Der Name der Eigenschaft.</param>
            <param name="bindingFlags">Zusätzliche Aufrufattribute.</param>
            <param name="parameterTypes">Ein Array von <see cref="T:System.Type"/> Objekten, das die Anzahl, die Reihenfolge und den Typ der Parameter für die indizierte Eigenschaft darstellt.</param>
            <param name="args">An den aufzurufenden Member zu übergebende Argumente.</param>
            <returns>The static property.</returns>
        </member>
        <member name="M:Microsoft.VisualStudio.TestTools.UnitTesting.PrivateType.SetStaticProperty(System.String,System.Reflection.BindingFlags,System.Object,System.Object[])">
            <summary>
            Legt die statische Eigenschaft fest.
            </summary>
            <param name="name">Der Name der Eigenschaft.</param>
            <param name="bindingFlags">Zusätzliche Aufrufattribute.</param>
            <param name="value">Der Wert, auf den das Feld oder die Eigenschaft festgelegt wird.</param>
            <param name="args">Optionale Indexwerte für indizierte Eigenschaften. Die Indizes indizierter Eigenschaften sind nullbasiert. Dieser Wert sollte für nicht indizierte Eigenschaften null sein. </param>
        </member>
        <member name="M:Microsoft.VisualStudio.TestTools.UnitTesting.PrivateType.SetStaticProperty(System.String,System.Reflection.BindingFlags,System.Object,System.Type[],System.Object[])">
            <summary>
            Legt die statische Eigenschaft fest.
            </summary>
            <param name="name">Der Name der Eigenschaft.</param>
            <param name="bindingFlags">Zusätzliche Aufrufattribute.</param>
            <param name="value">Der Wert, auf den das Feld oder die Eigenschaft festgelegt wird.</param>
            <param name="parameterTypes">Ein Array von <see cref="T:System.Type"/> Objekten, das die Anzahl, die Reihenfolge und den Typ der Parameter für die indizierte Eigenschaft darstellt.</param>
            <param name="args">An den aufzurufenden Member zu übergebende Argumente.</param>
        </member>
        <member name="M:Microsoft.VisualStudio.TestTools.UnitTesting.PrivateType.InvokeHelperStatic(System.String,System.Reflection.BindingFlags,System.Object[],System.Globalization.CultureInfo)">
            <summary>
            Ruft die statische Methode auf.
            </summary>
            <param name="name">Der Name des Members.</param>
            <param name="bindingFlags">Zusätzliche Aufrufattribute</param>
            <param name="args">Argumente für den Aufruf</param>
            <param name="culture">Kultur</param>
            <returns>Ergebnis des Aufrufs</returns>
        </member>
        <member name="T:Microsoft.VisualStudio.TestTools.UnitTesting.RuntimeTypeHelper">
            <summary>
            Stellt Methodensignaturermittlung für generische Methoden bereit.
            </summary>
        </member>
        <member name="M:Microsoft.VisualStudio.TestTools.UnitTesting.RuntimeTypeHelper.CompareMethodSigAndName(System.Reflection.MethodBase,System.Reflection.MethodBase)">
            <summary>
            Compares the method signatures of these two methods.
            </summary>
            <param name="m1">Method1</param>
            <param name="m2">Method2</param>
            <returns>True if they are similiar.</returns>
        </member>
        <member name="M:Microsoft.VisualStudio.TestTools.UnitTesting.RuntimeTypeHelper.GetHierarchyDepth(System.Type)">
            <summary>
            Gets the hierarchy depty from the base type of the provided type.
            </summary>
            <param name="t">The type.</param>
            <returns>The depth.</returns>
        </member>
        <member name="M:Microsoft.VisualStudio.TestTools.UnitTesting.RuntimeTypeHelper.FindMostDerivedNewSlotMeth(System.Reflection.MethodBase[],System.Int32)">
            <summary>
            Finds most dervied type with the provided information.
            </summary>
            <param name="match">Candidate matches.</param>
            <param name="cMatches">Number of matches.</param>
            <returns>The most derived method.</returns>
        </member>
        <member name="M:Microsoft.VisualStudio.TestTools.UnitTesting.RuntimeTypeHelper.SelectMethod(System.Reflection.BindingFlags,System.Reflection.MethodBase[],System.Type[],System.Reflection.ParameterModifier[])">
            <summary>
            Wählt bei Angabe einer Sammlung von Methoden, die mit den Basiskriterien übereinstimmen, eine Methode basierend
            auf einem Array von Typen aus. Diese Methode sollte NULL zurückgeben, wenn keine Methode
            mit den Kriterien übereinstimmt.
            </summary>
            <param name="bindingAttr">Binding specification.</param>
            <param name="match">Candidate matches</param>
            <param name="types">Types</param>
            <param name="modifiers">Parameter modifiers.</param>
            <returns>Matching method. Null if none matches.</returns>
        </member>
        <member name="M:Microsoft.VisualStudio.TestTools.UnitTesting.RuntimeTypeHelper.FindMostSpecificMethod(System.Reflection.MethodBase,System.Int32[],System.Type,System.Reflection.MethodBase,System.Int32[],System.Type,System.Type[],System.Object[])">
            <summary>
            Finds the most specific method in the two methods provided.
            </summary>
            <param name="m1">Method 1</param>
            <param name="paramOrder1">Parameter order for Method 1</param>
            <param name="paramArrayType1">Paramter array type.</param>
            <param name="m2">Method 2</param>
            <param name="paramOrder2">Parameter order for Method 2</param>
            <param name="paramArrayType2">&gt;Paramter array type.</param>
            <param name="types">Types to search in.</param>
            <param name="args">Args.</param>
            <returns>An int representing the match.</returns>
        </member>
        <member name="M:Microsoft.VisualStudio.TestTools.UnitTesting.RuntimeTypeHelper.FindMostSpecific(System.Reflection.ParameterInfo[],System.Int32[],System.Type,System.Reflection.ParameterInfo[],System.Int32[],System.Type,System.Type[],System.Object[])">
            <summary>
            Finds the most specific method in the two methods provided.
            </summary>
            <param name="p1">Method 1</param>
            <param name="paramOrder1">Parameter order for Method 1</param>
            <param name="paramArrayType1">Paramter array type.</param>
            <param name="p2">Method 2</param>
            <param name="paramOrder2">Parameter order for Method 2</param>
            <param name="paramArrayType2">&gt;Paramter array type.</param>
            <param name="types">Types to search in.</param>
            <param name="args">Args.</param>
            <returns>An int representing the match.</returns>
        </member>
        <member name="M:Microsoft.VisualStudio.TestTools.UnitTesting.RuntimeTypeHelper.FindMostSpecificType(System.Type,System.Type,System.Type)">
            <summary>
            Finds the most specific type in the two provided.
            </summary>
            <param name="c1">Type 1</param>
            <param name="c2">Type 2</param>
            <param name="t">The defining type</param>
            <returns>An int representing the match.</returns>
        </member>
        <member name="T:Microsoft.VisualStudio.TestTools.UnitTesting.TestContext">
            <summary>
            Wird verwendet, um Informationen zu speichern, die für Komponententests bereitgestellt werden.
            </summary>
        </member>
        <member name="P:Microsoft.VisualStudio.TestTools.UnitTesting.TestContext.Properties">
            <summary>
            Gets per test properties
            </summary>
        </member>
        <member name="P:Microsoft.VisualStudio.TestTools.UnitTesting.TestContext.DataRow">
            <summary>
            Gets the current data row when test is used for data driven testing.
            </summary>
        </member>
        <member name="P:Microsoft.VisualStudio.TestTools.UnitTesting.TestContext.DataConnection">
            <summary>
            Gets current data connection row when test is used for data driven testing.
            </summary>
        </member>
        <member name="P:Microsoft.VisualStudio.TestTools.UnitTesting.TestContext.TestRunDirectory">
            <summary>
            Gets base directory for the test run, under which deployed files and result files are stored.
            </summary>
        </member>
        <member name="P:Microsoft.VisualStudio.TestTools.UnitTesting.TestContext.DeploymentDirectory">
            <summary>
            Gets directory for files deployed for the test run. Typically a subdirectory of <see cref="P:Microsoft.VisualStudio.TestTools.UnitTesting.TestContext.TestRunDirectory"/>.
            </summary>
        </member>
        <member name="P:Microsoft.VisualStudio.TestTools.UnitTesting.TestContext.ResultsDirectory">
            <summary>
            Gets base directory for results from the test run. Typically a subdirectory of <see cref="P:Microsoft.VisualStudio.TestTools.UnitTesting.TestContext.TestRunDirectory"/>.
            </summary>
        </member>
        <member name="P:Microsoft.VisualStudio.TestTools.UnitTesting.TestContext.TestRunResultsDirectory">
            <summary>
            Gets directory for test run result files. Typically a subdirectory of <see cref="P:Microsoft.VisualStudio.TestTools.UnitTesting.TestContext.ResultsDirectory"/>.
            </summary>
        </member>
        <member name="P:Microsoft.VisualStudio.TestTools.UnitTesting.TestContext.TestResultsDirectory">
            <summary>
            Gets directory for test result files.
            </summary>
        </member>
        <member name="P:Microsoft.VisualStudio.TestTools.UnitTesting.TestContext.TestDir">
            <summary>
            Gets base directory for the test run, under which deployed files and result files are stored.
            Same as <see cref="P:Microsoft.VisualStudio.TestTools.UnitTesting.TestContext.TestRunDirectory"/>. Diese Eigenschaft stattdessen verwenden.
            </summary>
        </member>
        <member name="P:Microsoft.VisualStudio.TestTools.UnitTesting.TestContext.TestDeploymentDir">
            <summary>
            Gets directory for files deployed for the test run. Typically a subdirectory of <see cref="P:Microsoft.VisualStudio.TestTools.UnitTesting.TestContext.TestRunDirectory"/>.
            Same as <see cref="P:Microsoft.VisualStudio.TestTools.UnitTesting.TestContext.DeploymentDirectory"/>. Diese Eigenschaft stattdessen verwenden.
            </summary>
        </member>
        <member name="P:Microsoft.VisualStudio.TestTools.UnitTesting.TestContext.TestLogsDir">
            <summary>
            Gets directory for test run result files. Typically a subdirectory of <see cref="P:Microsoft.VisualStudio.TestTools.UnitTesting.TestContext.ResultsDirectory"/>.
            Same as <see cref="P:Microsoft.VisualStudio.TestTools.UnitTesting.TestContext.TestRunResultsDirectory"/>. Diese Eigenschaft für Ergebnisdateien des Testlaufs verwenden oder
            <see cref="P:Microsoft.VisualStudio.TestTools.UnitTesting.TestContext.TestResultsDirectory"/> stattdessen für testspezifische Ergebnisdateien.
            </summary>
        </member>
        <member name="P:Microsoft.VisualStudio.TestTools.UnitTesting.TestContext.FullyQualifiedTestClassName">
            <summary>
            Gets the Fully-qualified name of the class containing the test method currently being executed
            </summary>
        </member>
        <member name="P:Microsoft.VisualStudio.TestTools.UnitTesting.TestContext.TestName">
            <summary>
            Gets the name of the test method currently being executed
            </summary>
        </member>
        <member name="P:Microsoft.VisualStudio.TestTools.UnitTesting.TestContext.CurrentTestOutcome">
            <summary>
            Ruft das aktuelle Testergebnis ab.
            </summary>
        </member>
        <member name="M:Microsoft.VisualStudio.TestTools.UnitTesting.TestContext.WriteLine(System.String)">
            <summary>
            Wird zum Schreiben von Ablaufverfolgungsnachrichten verwendet, während der Test ausgeführt wird.
            </summary>
            <param name="message">formatierte Meldungszeichenfolge</param>
        </member>
        <member name="M:Microsoft.VisualStudio.TestTools.UnitTesting.TestContext.WriteLine(System.String,System.Object[])">
            <summary>
            Wird zum Schreiben von Ablaufverfolgungsnachrichten verwendet, während der Test ausgeführt wird.
            </summary>
            <param name="format">Formatzeichenfolge</param>
            <param name="args">Die Argumente</param>
        </member>
        <member name="M:Microsoft.VisualStudio.TestTools.UnitTesting.TestContext.AddResultFile(System.String)">
            <summary>
            Fügt der Liste in TestResult.ResultFileNames einen Dateinamen hinzu.
            </summary>
            <param name="fileName">
            Der Dateiname.
            </param>
        </member>
        <member name="M:Microsoft.VisualStudio.TestTools.UnitTesting.TestContext.BeginTimer(System.String)">
            <summary>
            Startet einen Timer mit dem angegebenen Namen.
            </summary>
            <param name="timerName"> Name of the timer.</param>
        </member>
        <member name="M:Microsoft.VisualStudio.TestTools.UnitTesting.TestContext.EndTimer(System.String)">
            <summary>
            Beendet einen Timer mit dem angegebenen Namen.
            </summary>
            <param name="timerName"> Name of the timer.</param>
        </member>
    </members>
</doc>
