<?xml version="1.0"?>
<doc>
    <assembly>
        <name>Microsoft.VisualStudio.TestPlatform.TestFramework.Extensions</name>
    </assembly>
    <members>
        <member name="T:Microsoft.VisualStudio.TestTools.UnitTesting.DeploymentItemAttribute">
            <summary>
            Used to specify deployment item (file or directory) for per-test deployment.
            Can be specified on test class or test method.
            Can have multiple instances of the attribute to specify more than one item.
            The item path can be absolute or relative, if relative, it is relative to RunConfig.RelativePathRoot.
            </summary>
            <example>
            [DeploymentItem("file1.xml")]
            [DeploymentItem("file2.xml", "DataFiles")]
            [DeploymentItem("bin\Debug")]
            </example>
            <remarks>
            Putting this in here so that UWP discovery works. We still do not want users to be using DeploymentItem in the UWP world - Hence making it internal.
            We should separate out DeploymentItem logic in the adapter via a Framework extensiblity point.
            Filed https://github.com/Microsoft/testfx/issues/100 to track this.
            </remarks>
        </member>
        <member name="M:Microsoft.VisualStudio.TestTools.UnitTesting.DeploymentItemAttribute.#ctor(System.String)">
            <summary>
            Initializes a new instance of the <see cref="T:Microsoft.VisualStudio.TestTools.UnitTesting.DeploymentItemAttribute"/> class.
            </summary>
            <param name="path">The file or directory to deploy. The path is relative to the build output directory. The item will be copied to the same directory as the deployed test assemblies.</param>
        </member>
        <member name="M:Microsoft.VisualStudio.TestTools.UnitTesting.DeploymentItemAttribute.#ctor(System.String,System.String)">
            <summary>
            Initializes a new instance of the <see cref="T:Microsoft.VisualStudio.TestTools.UnitTesting.DeploymentItemAttribute"/> class
            </summary>
            <param name="path">The relative or absolute path to the file or directory to deploy. The path is relative to the build output directory. The item will be copied to the same directory as the deployed test assemblies.</param>
            <param name="outputDirectory">The path of the directory to which the items are to be copied. It can be either absolute or relative to the deployment directory. All files and directories identified by <paramref name="path"/> will be copied to this directory.</param>
        </member>
        <member name="P:Microsoft.VisualStudio.TestTools.UnitTesting.DeploymentItemAttribute.Path">
            <summary>
            Gets the path of the source file or folder to be copied.
            </summary>
        </member>
        <member name="P:Microsoft.VisualStudio.TestTools.UnitTesting.DeploymentItemAttribute.OutputDirectory">
            <summary>
            Gets the path of the directory to which the item is copied.
            </summary>
        </member>
        <member name="T:Microsoft.VisualStudio.TestTools.UnitTesting.AppContainer.UITestMethodAttribute">
            <summary>
            Exécutez le code de test dans le thread d'interface utilisateur pour les applications Windows Store.
            </summary>
        </member>
        <member name="M:Microsoft.VisualStudio.TestTools.UnitTesting.AppContainer.UITestMethodAttribute.Execute(Microsoft.VisualStudio.TestTools.UnitTesting.ITestMethod)">
            <summary>
            Exécute la méthode de test sur le thread d'interface utilisateur.
            </summary>
            <param name="testMethod">
            Méthode de test.
            </param>
            <returns>
            An array of <see cref="T:Microsoft.VisualStudio.TestTools.UnitTesting.TestResult"/> instances.
            </returns>
            Lève <exception cref="T:System.NotSupportedException"> quand il est exécuté sur une méthode de test async.
            </exception>
        </member>
        <member name="T:Microsoft.VisualStudio.TestTools.UnitTesting.TestContext">
            <summary>
            TestContext class. This class should be fully abstract and not contain any
            members. The adapter will implement the members. Users in the framework should
            only access this via a well-defined interface.
            </summary>
        </member>
        <member name="P:Microsoft.VisualStudio.TestTools.UnitTesting.TestContext.Properties">
            <summary>
            Obtient les propriétés de test d'un test.
            </summary>
        </member>
        <member name="P:Microsoft.VisualStudio.TestTools.UnitTesting.TestContext.FullyQualifiedTestClassName">
            <summary>
            Obtient le nom complet de la classe contenant la méthode de test en cours d'exécution
            </summary>
            <remarks>
            Cette propriété peut être utile dans les attributs dérivés de ExpectedExceptionBaseAttribute.
            Ces attributs ont accès au contexte du test et fournissent des messages qui sont inclus
            dans les résultats des tests. Les utilisateurs peuvent tirer parti de messages qui incluent le
            nom complet de la classe, en plus du nom de la méthode de test en cours d'exécution.
            </remarks>
        </member>
        <member name="P:Microsoft.VisualStudio.TestTools.UnitTesting.TestContext.TestName">
            <summary>
            Obtient le nom de la méthode de test en cours d'exécution
            </summary>
        </member>
        <member name="P:Microsoft.VisualStudio.TestTools.UnitTesting.TestContext.CurrentTestOutcome">
            <summary>
            Obtient le résultat de test actuel.
            </summary>
        </member>
    </members>
</doc>
