<?xml version="1.0"?>
<doc>
    <assembly>
        <name>Microsoft.VisualStudio.TestPlatform.TestFramework.Extensions</name>
    </assembly>
    <members>
        <member name="T:Microsoft.VisualStudio.TestTools.UnitTesting.DeploymentItemAttribute">
            <summary>
            Used to specify deployment item (file or directory) for per-test deployment.
            Can be specified on test class or test method.
            Can have multiple instances of the attribute to specify more than one item.
            The item path can be absolute or relative, if relative, it is relative to RunConfig.RelativePathRoot.
            </summary>
            <example>
            [DeploymentItem("file1.xml")]
            [DeploymentItem("file2.xml", "DataFiles")]
            [DeploymentItem("bin\Debug")]
            </example>
        </member>
        <member name="M:Microsoft.VisualStudio.TestTools.UnitTesting.DeploymentItemAttribute.#ctor(System.String)">
            <summary>
            Initializes a new instance of the <see cref="T:Microsoft.VisualStudio.TestTools.UnitTesting.DeploymentItemAttribute"/> class.
            </summary>
            <param name="path">The file or directory to deploy. The path is relative to the build output directory. The item will be copied to the same directory as the deployed test assemblies.</param>
        </member>
        <member name="M:Microsoft.VisualStudio.TestTools.UnitTesting.DeploymentItemAttribute.#ctor(System.String,System.String)">
            <summary>
            Initializes a new instance of the <see cref="T:Microsoft.VisualStudio.TestTools.UnitTesting.DeploymentItemAttribute"/> class
            </summary>
            <param name="path">The relative or absolute path to the file or directory to deploy. The path is relative to the build output directory. The item will be copied to the same directory as the deployed test assemblies.</param>
            <param name="outputDirectory">The path of the directory to which the items are to be copied. It can be either absolute or relative to the deployment directory. All files and directories identified by <paramref name="path"/> will be copied to this directory.</param>
        </member>
        <member name="P:Microsoft.VisualStudio.TestTools.UnitTesting.DeploymentItemAttribute.Path">
            <summary>
            Gets the path of the source file or folder to be copied.
            </summary>
        </member>
        <member name="P:Microsoft.VisualStudio.TestTools.UnitTesting.DeploymentItemAttribute.OutputDirectory">
            <summary>
            Gets the path of the directory to which the item is copied.
            </summary>
        </member>
        <member name="T:Microsoft.VisualStudio.TestTools.UnitTesting.ConfigurationNames">
            <summary>
            Zawiera literały nazw sekcji, właściwości, atrybutów.
            </summary>
        </member>
        <member name="F:Microsoft.VisualStudio.TestTools.UnitTesting.ConfigurationNames.SectionName">
            <summary>
            The configuration section name.
            </summary>
        </member>
        <member name="F:Microsoft.VisualStudio.TestTools.UnitTesting.ConfigurationNames.Beta2SectionName">
            <summary>
            The configuration section name for Beta2. Left around for compat.
            </summary>
        </member>
        <member name="F:Microsoft.VisualStudio.TestTools.UnitTesting.ConfigurationNames.DataSourcesSectionName">
            <summary>
            Section name for Data source.
            </summary>
        </member>
        <member name="F:Microsoft.VisualStudio.TestTools.UnitTesting.ConfigurationNames.NameAttributeName">
            <summary>
            Attribute name for 'Name'
            </summary>
        </member>
        <member name="F:Microsoft.VisualStudio.TestTools.UnitTesting.ConfigurationNames.ConnectionStringAttributeName">
            <summary>
            Attribute name for 'ConnectionString'
            </summary>
        </member>
        <member name="F:Microsoft.VisualStudio.TestTools.UnitTesting.ConfigurationNames.DataAccessMethodAttributeName">
            <summary>
            Attrbiute name for 'DataAccessMethod'
            </summary>
        </member>
        <member name="F:Microsoft.VisualStudio.TestTools.UnitTesting.ConfigurationNames.DataTableAttributeName">
            <summary>
            Attribute name for 'DataTable'
            </summary>
        </member>
        <member name="T:Microsoft.VisualStudio.TestTools.UnitTesting.DataSourceElement">
            <summary>
            Element źródła danych.
            </summary>
        </member>
        <member name="P:Microsoft.VisualStudio.TestTools.UnitTesting.DataSourceElement.Name">
            <summary>
            Gets or sets the name of this configuration.
            </summary>
        </member>
        <member name="P:Microsoft.VisualStudio.TestTools.UnitTesting.DataSourceElement.ConnectionString">
            <summary>
            Gets or sets the ConnectionStringSettings element in &lt;connectionStrings&gt; section in the .config file.
            </summary>
        </member>
        <member name="P:Microsoft.VisualStudio.TestTools.UnitTesting.DataSourceElement.DataTableName">
            <summary>
            Gets or sets the name of the data table.
            </summary>
        </member>
        <member name="P:Microsoft.VisualStudio.TestTools.UnitTesting.DataSourceElement.DataAccessMethod">
            <summary>
            Gets or sets the type of data access.
            </summary>
        </member>
        <member name="P:Microsoft.VisualStudio.TestTools.UnitTesting.DataSourceElement.Key">
            <summary>
            Gets the key name.
            </summary>
        </member>
        <member name="P:Microsoft.VisualStudio.TestTools.UnitTesting.DataSourceElement.Properties">
            <summary>
            Pobiera właściwości konfiguracji.
            </summary>
        </member>
        <member name="T:Microsoft.VisualStudio.TestTools.UnitTesting.DataSourceElementCollection">
            <summary>
            Kolekcja elementów źródła danych.
            </summary>
        </member>
        <member name="M:Microsoft.VisualStudio.TestTools.UnitTesting.DataSourceElementCollection.#ctor">
            <summary>
            Initializes a new instance of the <see cref="T:Microsoft.VisualStudio.TestTools.UnitTesting.DataSourceElementCollection"/> class.
            </summary>
        </member>
        <member name="P:Microsoft.VisualStudio.TestTools.UnitTesting.DataSourceElementCollection.Item(System.String)">
            <summary>
            Zwraca element konfiguracji z określonym kluczem.
            </summary>
            <param name="name">Klucz elementu do zwrócenia.</param>
            <returns>Element System.Configuration.ConfigurationElement z określonym kluczem; w przeciwnym razie wartość null.</returns>
        </member>
        <member name="P:Microsoft.VisualStudio.TestTools.UnitTesting.DataSourceElementCollection.Item(System.Int32)">
            <summary>
            Pobiera element konfiguracji pod określoną lokalizacją w indeksie.
            </summary>
            <param name="index">Lokalizacja w indeksie elementu System.Configuration.ConfigurationElement do zwrócenia.</param>
        </member>
        <member name="M:Microsoft.VisualStudio.TestTools.UnitTesting.DataSourceElementCollection.Add(Microsoft.VisualStudio.TestTools.UnitTesting.DataSourceElement)">
            <summary>
            Dodaje element konfiguracji do kolekcji elementów konfiguracji.
            </summary>
            <param name="element">Element System.Configuration.ConfigurationElement do dodania.</param>
        </member>
        <member name="M:Microsoft.VisualStudio.TestTools.UnitTesting.DataSourceElementCollection.Remove(Microsoft.VisualStudio.TestTools.UnitTesting.DataSourceElement)">
            <summary>
            Usuwa element System.Configuration.ConfigurationElement z kolekcji.
            </summary>
            <param name="element"><see cref="T:Microsoft.VisualStudio.TestTools.UnitTesting.DataSourceElement"/> .</param>
        </member>
        <member name="M:Microsoft.VisualStudio.TestTools.UnitTesting.DataSourceElementCollection.Remove(System.String)">
            <summary>
            Usuwa element System.Configuration.ConfigurationElement z kolekcji.
            </summary>
            <param name="name">Klucz elementu System.Configuration.ConfigurationElement do usunięcia.</param>
        </member>
        <member name="M:Microsoft.VisualStudio.TestTools.UnitTesting.DataSourceElementCollection.Clear">
            <summary>
            Usuwa wszystkie obiekty elementów konfiguracji z kolekcji.
            </summary>
        </member>
        <member name="M:Microsoft.VisualStudio.TestTools.UnitTesting.DataSourceElementCollection.CreateNewElement">
            <summary>
            Tworzy nowy element <see cref="T:Microsoft.VisualStudio.TestTools.UnitTesting.DataSourceElement"/>.
            </summary>
            <returns>Nowy element<see cref="T:Microsoft.VisualStudio.TestTools.UnitTesting.DataSourceElement"/>.</returns>
        </member>
        <member name="M:Microsoft.VisualStudio.TestTools.UnitTesting.DataSourceElementCollection.GetElementKey(System.Configuration.ConfigurationElement)">
            <summary>
            Pobiera klucz elementu dla określnego elementu konfiguracji.
            </summary>
            <param name="element">Element System.Configuration.ConfigurationElement, dla którego ma zostać zwrócony klucz.</param>
            <returns>Element System.Object działający jako klucz dla określonego elementu System.Configuration.ConfigurationElement.</returns>
        </member>
        <member name="M:Microsoft.VisualStudio.TestTools.UnitTesting.DataSourceElementCollection.BaseAdd(System.Configuration.ConfigurationElement)">
            <summary>
            Dodaje element konfiguracji do kolekcji elementów konfiguracji.
            </summary>
            <param name="element">Element System.Configuration.ConfigurationElement do dodania.</param>
        </member>
        <member name="M:Microsoft.VisualStudio.TestTools.UnitTesting.DataSourceElementCollection.BaseAdd(System.Int32,System.Configuration.ConfigurationElement)">
            <summary>
            Dodaje element konfiguracji do kolekcji elementów konfiguracji.
            </summary>
            <param name="index">Lokalizacja w indeksie, pod którą ma zostać dodany określony element System.Configuration.ConfigurationElement.</param>
            <param name="element">Element System.Configuration.ConfigurationElement do dodania.</param>
        </member>
        <member name="T:Microsoft.VisualStudio.TestTools.UnitTesting.TestConfiguration">
            <summary>
            Obsługa ustawień konfiguracji na potrzeby testów.
            </summary>
        </member>
        <member name="P:Microsoft.VisualStudio.TestTools.UnitTesting.TestConfiguration.ConfigurationSection">
            <summary>
            Pobiera sekcję konfiguracji dla testów.
            </summary>
        </member>
        <member name="T:Microsoft.VisualStudio.TestTools.UnitTesting.TestConfigurationSection">
            <summary>
            Sekcja konfiguracji dla testów.
            </summary>
        </member>
        <member name="P:Microsoft.VisualStudio.TestTools.UnitTesting.TestConfigurationSection.DataSources">
            <summary>
            Gets the data sources for this configuration section.
            </summary>
        </member>
        <member name="P:Microsoft.VisualStudio.TestTools.UnitTesting.TestConfigurationSection.Properties">
            <summary>
            Pobiera kolekcję właściwości.
            </summary>
            <returns>
            Element <see cref="T:System.Configuration.ConfigurationPropertyCollection"/> właściwości dla elementu.
            </returns>
        </member>
        <member name="T:Microsoft.VisualStudio.TestTools.UnitTesting.PrivateObject">
            <summary>
            This class represents the live NON public INTERNAL object in the system
            </summary>
        </member>
        <member name="M:Microsoft.VisualStudio.TestTools.UnitTesting.PrivateObject.#ctor(System.Object,System.String)">
            <summary>
            Initializes a new instance of the <see cref="T:Microsoft.VisualStudio.TestTools.UnitTesting.PrivateObject"/> class that contains
            the already existing object of the private class
            </summary>
            <param name="obj"> obiekt służący jako punkt początkowy na potrzeby dostępu do prywatnych elementów członkowskich</param>
            <param name="memberToAccess">ciąg wyłuskujący używający elementu . wskazującego obiekt do pobrania, jak w wyrażeniu m_X.m_Y.m_Z</param>
        </member>
        <member name="M:Microsoft.VisualStudio.TestTools.UnitTesting.PrivateObject.#ctor(System.String,System.String,System.Object[])">
            <summary>
            Initializes a new instance of the <see cref="T:Microsoft.VisualStudio.TestTools.UnitTesting.PrivateObject"/> class that wraps the
            specified type.
            </summary>
            <param name="assemblyName">Name of the assembly</param>
            <param name="typeName">w pełni kwalifikowana nazwa</param>
            <param name="args">Argumenty do przekazania do konstruktora</param>
        </member>
        <member name="M:Microsoft.VisualStudio.TestTools.UnitTesting.PrivateObject.#ctor(System.String,System.String,System.Type[],System.Object[])">
            <summary>
            Initializes a new instance of the <see cref="T:Microsoft.VisualStudio.TestTools.UnitTesting.PrivateObject"/> class that wraps the
            specified type.
            </summary>
            <param name="assemblyName">Name of the assembly</param>
            <param name="typeName">w pełni kwalifikowana nazwa</param>
            <param name="parameterTypes">Tablica <see cref="T:System.Type"/> obiektów reprezentujących liczbę, kolejność i typ parametrów dla konstruktora do pobrania</param>
            <param name="args">Argumenty do przekazania do konstruktora</param>
        </member>
        <member name="M:Microsoft.VisualStudio.TestTools.UnitTesting.PrivateObject.#ctor(System.Type,System.Object[])">
            <summary>
            Initializes a new instance of the <see cref="T:Microsoft.VisualStudio.TestTools.UnitTesting.PrivateObject"/> class that wraps the
            specified type.
            </summary>
            <param name="type">typ obiektu do utworzenia</param>
            <param name="args">Argumenty do przekazania do konstruktora</param>
        </member>
        <member name="M:Microsoft.VisualStudio.TestTools.UnitTesting.PrivateObject.#ctor(System.Type,System.Type[],System.Object[])">
            <summary>
            Initializes a new instance of the <see cref="T:Microsoft.VisualStudio.TestTools.UnitTesting.PrivateObject"/> class that wraps the
            specified type.
            </summary>
            <param name="type">typ obiektu do utworzenia</param>
            <param name="parameterTypes">Tablica <see cref="T:System.Type"/> obiektów reprezentujących liczbę, kolejność i typ parametrów dla konstruktora do pobrania</param>
            <param name="args">Argumenty do przekazania do konstruktora</param>
        </member>
        <member name="M:Microsoft.VisualStudio.TestTools.UnitTesting.PrivateObject.#ctor(System.Object)">
            <summary>
            Initializes a new instance of the <see cref="T:Microsoft.VisualStudio.TestTools.UnitTesting.PrivateObject"/> class that wraps
            the given object.
            </summary>
            <param name="obj">obiekt do opakowania</param>
        </member>
        <member name="M:Microsoft.VisualStudio.TestTools.UnitTesting.PrivateObject.#ctor(System.Object,Microsoft.VisualStudio.TestTools.UnitTesting.PrivateType)">
            <summary>
            Initializes a new instance of the <see cref="T:Microsoft.VisualStudio.TestTools.UnitTesting.PrivateObject"/> class that wraps
            the given object.
            </summary>
            <param name="obj">obiekt do opakowania</param>
            <param name="type">Obiekt PrivateType</param>
        </member>
        <member name="P:Microsoft.VisualStudio.TestTools.UnitTesting.PrivateObject.Target">
            <summary>
            Gets or sets the target
            </summary>
        </member>
        <member name="P:Microsoft.VisualStudio.TestTools.UnitTesting.PrivateObject.RealType">
            <summary>
            Gets the type of underlying object
            </summary>
        </member>
        <member name="M:Microsoft.VisualStudio.TestTools.UnitTesting.PrivateObject.GetHashCode">
            <summary>
            zwraca wartość skrótu docelowego obiektu
            </summary>
            <returns>wartość typu int reprezentująca wartość skrótu docelowego obiektu</returns>
        </member>
        <member name="M:Microsoft.VisualStudio.TestTools.UnitTesting.PrivateObject.Equals(System.Object)">
            <summary>
            Jest równe
            </summary>
            <param name="obj">Obiekt, z którym ma zostać wykonane porównanie</param>
            <returns>returns true if the objects are equal.</returns>
        </member>
        <member name="M:Microsoft.VisualStudio.TestTools.UnitTesting.PrivateObject.Invoke(System.String,System.Object[])">
            <summary>
            Wywołuje określoną metodę
            </summary>
            <param name="name">Name of the method</param>
            <param name="args">Argumenty do przekazania do elementu członkowskiego na potrzeby wywołania.</param>
            <returns>Wynik wywołania metody</returns>
        </member>
        <member name="M:Microsoft.VisualStudio.TestTools.UnitTesting.PrivateObject.Invoke(System.String,System.Type[],System.Object[])">
            <summary>
            Wywołuje określoną metodę
            </summary>
            <param name="name">Name of the method</param>
            <param name="parameterTypes">Tablica <see cref="T:System.Type"/> obiektów reprezentujących liczbę, kolejność i typ parametrów dla metody do pobrania.</param>
            <param name="args">Argumenty do przekazania do elementu członkowskiego na potrzeby wywołania.</param>
            <returns>Wynik wywołania metody</returns>
        </member>
        <member name="M:Microsoft.VisualStudio.TestTools.UnitTesting.PrivateObject.Invoke(System.String,System.Type[],System.Object[],System.Type[])">
            <summary>
            Wywołuje określoną metodę
            </summary>
            <param name="name">Name of the method</param>
            <param name="parameterTypes">Tablica <see cref="T:System.Type"/> obiektów reprezentujących liczbę, kolejność i typ parametrów dla metody do pobrania.</param>
            <param name="args">Argumenty do przekazania do elementu członkowskiego na potrzeby wywołania.</param>
            <param name="typeArguments">Tablica typów odpowiadających typom argumentów ogólnych.</param>
            <returns>Wynik wywołania metody</returns>
        </member>
        <member name="M:Microsoft.VisualStudio.TestTools.UnitTesting.PrivateObject.Invoke(System.String,System.Object[],System.Globalization.CultureInfo)">
            <summary>
            Wywołuje określoną metodę
            </summary>
            <param name="name">Name of the method</param>
            <param name="args">Argumenty do przekazania do elementu członkowskiego na potrzeby wywołania.</param>
            <param name="culture">Informacje o kulturze</param>
            <returns>Wynik wywołania metody</returns>
        </member>
        <member name="M:Microsoft.VisualStudio.TestTools.UnitTesting.PrivateObject.Invoke(System.String,System.Type[],System.Object[],System.Globalization.CultureInfo)">
            <summary>
            Wywołuje określoną metodę
            </summary>
            <param name="name">Name of the method</param>
            <param name="parameterTypes">Tablica <see cref="T:System.Type"/> obiektów reprezentujących liczbę, kolejność i typ parametrów dla metody do pobrania.</param>
            <param name="args">Argumenty do przekazania do elementu członkowskiego na potrzeby wywołania.</param>
            <param name="culture">Informacje o kulturze</param>
            <returns>Wynik wywołania metody</returns>
        </member>
        <member name="M:Microsoft.VisualStudio.TestTools.UnitTesting.PrivateObject.Invoke(System.String,System.Reflection.BindingFlags,System.Object[])">
            <summary>
            Wywołuje określoną metodę
            </summary>
            <param name="name">Name of the method</param>
            <param name="bindingFlags">Maska bitów składająca się z co najmniej jednego <see cref="T:System.Reflection.BindingFlags"/> określający sposób wykonania wyszukiwania.</param>
            <param name="args">Argumenty do przekazania do elementu członkowskiego na potrzeby wywołania.</param>
            <returns>Wynik wywołania metody</returns>
        </member>
        <member name="M:Microsoft.VisualStudio.TestTools.UnitTesting.PrivateObject.Invoke(System.String,System.Reflection.BindingFlags,System.Type[],System.Object[])">
            <summary>
            Wywołuje określoną metodę
            </summary>
            <param name="name">Name of the method</param>
            <param name="bindingFlags">Maska bitów składająca się z co najmniej jednego <see cref="T:System.Reflection.BindingFlags"/> określający sposób wykonania wyszukiwania.</param>
            <param name="parameterTypes">Tablica <see cref="T:System.Type"/> obiektów reprezentujących liczbę, kolejność i typ parametrów dla metody do pobrania.</param>
            <param name="args">Argumenty do przekazania do elementu członkowskiego na potrzeby wywołania.</param>
            <returns>Wynik wywołania metody</returns>
        </member>
        <member name="M:Microsoft.VisualStudio.TestTools.UnitTesting.PrivateObject.Invoke(System.String,System.Reflection.BindingFlags,System.Object[],System.Globalization.CultureInfo)">
            <summary>
            Wywołuje określoną metodę
            </summary>
            <param name="name">Name of the method</param>
            <param name="bindingFlags">Maska bitów składająca się z co najmniej jednego <see cref="T:System.Reflection.BindingFlags"/> określający sposób wykonania wyszukiwania.</param>
            <param name="args">Argumenty do przekazania do elementu członkowskiego na potrzeby wywołania.</param>
            <param name="culture">Informacje o kulturze</param>
            <returns>Wynik wywołania metody</returns>
        </member>
        <member name="M:Microsoft.VisualStudio.TestTools.UnitTesting.PrivateObject.Invoke(System.String,System.Reflection.BindingFlags,System.Type[],System.Object[],System.Globalization.CultureInfo)">
            <summary>
            Wywołuje określoną metodę
            </summary>
            <param name="name">Name of the method</param>
            <param name="bindingFlags">Maska bitów składająca się z co najmniej jednego <see cref="T:System.Reflection.BindingFlags"/> określający sposób wykonania wyszukiwania.</param>
            <param name="parameterTypes">Tablica <see cref="T:System.Type"/> obiektów reprezentujących liczbę, kolejność i typ parametrów dla metody do pobrania.</param>
            <param name="args">Argumenty do przekazania do elementu członkowskiego na potrzeby wywołania.</param>
            <param name="culture">Informacje o kulturze</param>
            <returns>Wynik wywołania metody</returns>
        </member>
        <member name="M:Microsoft.VisualStudio.TestTools.UnitTesting.PrivateObject.Invoke(System.String,System.Reflection.BindingFlags,System.Type[],System.Object[],System.Globalization.CultureInfo,System.Type[])">
            <summary>
            Wywołuje określoną metodę
            </summary>
            <param name="name">Nazwa metody</param>
            <param name="bindingFlags">Maska bitów składająca się z co najmniej jednego <see cref="T:System.Reflection.BindingFlags"/> określający sposób wykonania wyszukiwania.</param>
            <param name="parameterTypes">Tablica <see cref="T:System.Type"/> obiektów reprezentujących liczbę, kolejność i typ parametrów dla metody do pobrania.</param>
            <param name="args">Argumenty do przekazania do elementu członkowskiego na potrzeby wywołania.</param>
            <param name="culture">Informacje o kulturze</param>
            <param name="typeArguments">Tablica typów odpowiadających typom argumentów ogólnych.</param>
            <returns>Wynik wywołania metody</returns>
        </member>
        <member name="M:Microsoft.VisualStudio.TestTools.UnitTesting.PrivateObject.GetArrayElement(System.String,System.Int32[])">
            <summary>
            Gets the array element using array of subsrcipts for each dimension
            </summary>
            <param name="name">Name of the member</param>
            <param name="indices">indeksy tablicy</param>
            <returns>An arrya of elements.</returns>
        </member>
        <member name="M:Microsoft.VisualStudio.TestTools.UnitTesting.PrivateObject.SetArrayElement(System.String,System.Object,System.Int32[])">
            <summary>
            Sets the array element using array of subsrcipts for each dimension
            </summary>
            <param name="name">Name of the member</param>
            <param name="value">Wartość do ustawienia</param>
            <param name="indices">indeksy tablicy</param>
        </member>
        <member name="M:Microsoft.VisualStudio.TestTools.UnitTesting.PrivateObject.GetArrayElement(System.String,System.Reflection.BindingFlags,System.Int32[])">
            <summary>
            Gets the array element using array of subsrcipts for each dimension
            </summary>
            <param name="name">Name of the member</param>
            <param name="bindingFlags">Maska bitów składająca się z co najmniej jednego <see cref="T:System.Reflection.BindingFlags"/> określający sposób wykonania wyszukiwania.</param>
            <param name="indices">indeksy tablicy</param>
            <returns>An arrya of elements.</returns>
        </member>
        <member name="M:Microsoft.VisualStudio.TestTools.UnitTesting.PrivateObject.SetArrayElement(System.String,System.Reflection.BindingFlags,System.Object,System.Int32[])">
            <summary>
            Sets the array element using array of subsrcipts for each dimension
            </summary>
            <param name="name">Name of the member</param>
            <param name="bindingFlags">Maska bitów składająca się z co najmniej jednego <see cref="T:System.Reflection.BindingFlags"/> określający sposób wykonania wyszukiwania.</param>
            <param name="value">Wartość do ustawienia</param>
            <param name="indices">indeksy tablicy</param>
        </member>
        <member name="M:Microsoft.VisualStudio.TestTools.UnitTesting.PrivateObject.GetField(System.String)">
            <summary>
            Pobierz pole
            </summary>
            <param name="name">Name of the field</param>
            <returns>The field.</returns>
        </member>
        <member name="M:Microsoft.VisualStudio.TestTools.UnitTesting.PrivateObject.SetField(System.String,System.Object)">
            <summary>
            Ustawia pole
            </summary>
            <param name="name">Name of the field</param>
            <param name="value">wartość do ustawienia</param>
        </member>
        <member name="M:Microsoft.VisualStudio.TestTools.UnitTesting.PrivateObject.GetField(System.String,System.Reflection.BindingFlags)">
            <summary>
            Pobiera pole
            </summary>
            <param name="name">Name of the field</param>
            <param name="bindingFlags">Maska bitów składająca się z co najmniej jednego <see cref="T:System.Reflection.BindingFlags"/> określający sposób wykonania wyszukiwania.</param>
            <returns>The field.</returns>
        </member>
        <member name="M:Microsoft.VisualStudio.TestTools.UnitTesting.PrivateObject.SetField(System.String,System.Reflection.BindingFlags,System.Object)">
            <summary>
            Ustawia pole
            </summary>
            <param name="name">Name of the field</param>
            <param name="bindingFlags">Maska bitów składająca się z co najmniej jednego <see cref="T:System.Reflection.BindingFlags"/> określający sposób wykonania wyszukiwania.</param>
            <param name="value">wartość do ustawienia</param>
        </member>
        <member name="M:Microsoft.VisualStudio.TestTools.UnitTesting.PrivateObject.GetFieldOrProperty(System.String)">
            <summary>
            Pobierz pole lub właściwość
            </summary>
            <param name="name">Nazwa pola lub właściwości</param>
            <returns>The field or property.</returns>
        </member>
        <member name="M:Microsoft.VisualStudio.TestTools.UnitTesting.PrivateObject.SetFieldOrProperty(System.String,System.Object)">
            <summary>
            Ustawia pole lub właściwość
            </summary>
            <param name="name">Nazwa pola lub właściwości</param>
            <param name="value">wartość do ustawienia</param>
        </member>
        <member name="M:Microsoft.VisualStudio.TestTools.UnitTesting.PrivateObject.GetFieldOrProperty(System.String,System.Reflection.BindingFlags)">
            <summary>
            Pobiera pole lub właściwość
            </summary>
            <param name="name">Nazwa pola lub właściwości</param>
            <param name="bindingFlags">Maska bitów składająca się z co najmniej jednego <see cref="T:System.Reflection.BindingFlags"/> określający sposób wykonania wyszukiwania.</param>
            <returns>The field or property.</returns>
        </member>
        <member name="M:Microsoft.VisualStudio.TestTools.UnitTesting.PrivateObject.SetFieldOrProperty(System.String,System.Reflection.BindingFlags,System.Object)">
            <summary>
            Ustawia pole lub właściwość
            </summary>
            <param name="name">Nazwa pola lub właściwości</param>
            <param name="bindingFlags">Maska bitów składająca się z co najmniej jednego <see cref="T:System.Reflection.BindingFlags"/> określający sposób wykonania wyszukiwania.</param>
            <param name="value">wartość do ustawienia</param>
        </member>
        <member name="M:Microsoft.VisualStudio.TestTools.UnitTesting.PrivateObject.GetProperty(System.String,System.Object[])">
            <summary>
            Pobiera właściwość
            </summary>
            <param name="name">Nazwa właściwości</param>
            <param name="args">Argumenty do przekazania do elementu członkowskiego na potrzeby wywołania.</param>
            <returns>The property.</returns>
        </member>
        <member name="M:Microsoft.VisualStudio.TestTools.UnitTesting.PrivateObject.GetProperty(System.String,System.Type[],System.Object[])">
            <summary>
            Pobiera właściwość
            </summary>
            <param name="name">Nazwa właściwości</param>
            <param name="parameterTypes">Tablica <see cref="T:System.Type"/> obiektów reprezentujących liczbę, kolejność i typ parametrów właściwości indeksowanej.</param>
            <param name="args">Argumenty do przekazania do elementu członkowskiego na potrzeby wywołania.</param>
            <returns>The property.</returns>
        </member>
        <member name="M:Microsoft.VisualStudio.TestTools.UnitTesting.PrivateObject.SetProperty(System.String,System.Object,System.Object[])">
            <summary>
            Ustaw właściwość
            </summary>
            <param name="name">Nazwa właściwości</param>
            <param name="value">wartość do ustawienia</param>
            <param name="args">Argumenty do przekazania do elementu członkowskiego na potrzeby wywołania.</param>
        </member>
        <member name="M:Microsoft.VisualStudio.TestTools.UnitTesting.PrivateObject.SetProperty(System.String,System.Type[],System.Object,System.Object[])">
            <summary>
            Ustaw właściwość
            </summary>
            <param name="name">Nazwa właściwości</param>
            <param name="parameterTypes">Tablica <see cref="T:System.Type"/> obiektów reprezentujących liczbę, kolejność i typ parametrów właściwości indeksowanej.</param>
            <param name="value">wartość do ustawienia</param>
            <param name="args">Argumenty do przekazania do elementu członkowskiego na potrzeby wywołania.</param>
        </member>
        <member name="M:Microsoft.VisualStudio.TestTools.UnitTesting.PrivateObject.GetProperty(System.String,System.Reflection.BindingFlags,System.Object[])">
            <summary>
            Pobiera właściwość
            </summary>
            <param name="name">Name of the property</param>
            <param name="bindingFlags">Maska bitów składająca się z co najmniej jednego <see cref="T:System.Reflection.BindingFlags"/> określający sposób wykonania wyszukiwania.</param>
            <param name="args">Argumenty do przekazania do elementu członkowskiego na potrzeby wywołania.</param>
            <returns>The property.</returns>
        </member>
        <member name="M:Microsoft.VisualStudio.TestTools.UnitTesting.PrivateObject.GetProperty(System.String,System.Reflection.BindingFlags,System.Type[],System.Object[])">
            <summary>
            Pobiera właściwość
            </summary>
            <param name="name">Name of the property</param>
            <param name="bindingFlags">Maska bitów składająca się z co najmniej jednego <see cref="T:System.Reflection.BindingFlags"/> określający sposób wykonania wyszukiwania.</param>
            <param name="parameterTypes">Tablica <see cref="T:System.Type"/> obiektów reprezentujących liczbę, kolejność i typ parametrów właściwości indeksowanej.</param>
            <param name="args">Argumenty do przekazania do elementu członkowskiego na potrzeby wywołania.</param>
            <returns>The property.</returns>
        </member>
        <member name="M:Microsoft.VisualStudio.TestTools.UnitTesting.PrivateObject.SetProperty(System.String,System.Reflection.BindingFlags,System.Object,System.Object[])">
            <summary>
            Ustawia właściwość
            </summary>
            <param name="name">Nazwa właściwości</param>
            <param name="bindingFlags">Maska bitów składająca się z co najmniej jednego <see cref="T:System.Reflection.BindingFlags"/> określający sposób wykonania wyszukiwania.</param>
            <param name="value">wartość do ustawienia</param>
            <param name="args">Argumenty do przekazania do elementu członkowskiego na potrzeby wywołania.</param>
        </member>
        <member name="M:Microsoft.VisualStudio.TestTools.UnitTesting.PrivateObject.SetProperty(System.String,System.Reflection.BindingFlags,System.Object,System.Type[],System.Object[])">
            <summary>
            Ustawia właściwość
            </summary>
            <param name="name">Nazwa właściwości</param>
            <param name="bindingFlags">Maska bitów składająca się z co najmniej jednego <see cref="T:System.Reflection.BindingFlags"/> określający sposób wykonania wyszukiwania.</param>
            <param name="value">wartość do ustawienia</param>
            <param name="parameterTypes">Tablica <see cref="T:System.Type"/> obiektów reprezentujących liczbę, kolejność i typ parametrów właściwości indeksowanej.</param>
            <param name="args">Argumenty do przekazania do elementu członkowskiego na potrzeby wywołania.</param>
        </member>
        <member name="M:Microsoft.VisualStudio.TestTools.UnitTesting.PrivateObject.ValidateAccessString(System.String)">
            <summary>
            Zweryfikuj ciąg dostępu
            </summary>
            <param name="access"> ciąg dostępu</param>
        </member>
        <member name="M:Microsoft.VisualStudio.TestTools.UnitTesting.PrivateObject.InvokeHelper(System.String,System.Reflection.BindingFlags,System.Object[],System.Globalization.CultureInfo)">
            <summary>
            Wywołuje element członkowski
            </summary>
            <param name="name">Name of the member</param>
            <param name="bindingFlags">Dodatkowe atrybuty</param>
            <param name="args">Argumenty wywołania</param>
            <param name="culture">Kultura</param>
            <returns>Wynik wywołania</returns>
        </member>
        <member name="M:Microsoft.VisualStudio.TestTools.UnitTesting.PrivateObject.GetGenericMethodFromCache(System.String,System.Type[],System.Type[],System.Reflection.BindingFlags,System.Reflection.ParameterModifier[])">
            <summary>
            Wyodrębnia najbardziej odpowiednią sygnaturę metody ogólnej z bieżącego typu prywatnego.
            </summary>
            <param name="methodName">Nazwa metody przeszukującej pamięć podręczną sygnatur.</param>
            <param name="parameterTypes">Tablica typów odpowiadających typom przeszukiwanych parametrów.</param>
            <param name="typeArguments">Tablica typów odpowiadających typom argumentów ogólnych.</param>
            <param name="bindingFlags"><see cref="T:System.Reflection.BindingFlags"/>, aby bardziej szczegółowo filtrować sygnatury metod.</param>
            <param name="modifiers">Modifiers for parameters.</param>
            <returns>A methodinfo instance.</returns>
        </member>
        <member name="T:Microsoft.VisualStudio.TestTools.UnitTesting.PrivateType">
            <summary>
            This class represents a private class for the Private Accessor functionality.
            </summary>
        </member>
        <member name="F:Microsoft.VisualStudio.TestTools.UnitTesting.PrivateType.BindToEveryThing">
            <summary>
            Wiąże się z każdym elementem
            </summary>
        </member>
        <member name="F:Microsoft.VisualStudio.TestTools.UnitTesting.PrivateType.type">
            <summary>
            The wrapped type.
            </summary>
        </member>
        <member name="M:Microsoft.VisualStudio.TestTools.UnitTesting.PrivateType.#ctor(System.String,System.String)">
            <summary>
            Initializes a new instance of the <see cref="T:Microsoft.VisualStudio.TestTools.UnitTesting.PrivateType"/> class that contains the private type.
            </summary>
            <param name="assemblyName">Nazwa zestawu</param>
            <param name="typeName">w pełni kwalifikowana nazwa </param>
        </member>
        <member name="M:Microsoft.VisualStudio.TestTools.UnitTesting.PrivateType.#ctor(System.Type)">
            <summary>
            Initializes a new instance of the <see cref="T:Microsoft.VisualStudio.TestTools.UnitTesting.PrivateType"/> class that contains
            the private type from the type object
            </summary>
            <param name="type">Opakowany typ do utworzenia.</param>
        </member>
        <member name="P:Microsoft.VisualStudio.TestTools.UnitTesting.PrivateType.ReferencedType">
            <summary>
            Pobiera przywoływany typ
            </summary>
        </member>
        <member name="M:Microsoft.VisualStudio.TestTools.UnitTesting.PrivateType.InvokeStatic(System.String,System.Object[])">
            <summary>
            Wywołuje statyczny element członkowski
            </summary>
            <param name="name">Nazwa elementu członkowskiego dla elementu InvokeHelper</param>
            <param name="args">Argumenty wywołania</param>
            <returns>Wynik wywołania</returns>
        </member>
        <member name="M:Microsoft.VisualStudio.TestTools.UnitTesting.PrivateType.InvokeStatic(System.String,System.Type[],System.Object[])">
            <summary>
            Wywołuje statyczny element członkowski
            </summary>
            <param name="name">Nazwa elementu członkowskiego dla elementu InvokeHelper</param>
            <param name="parameterTypes">Tablica <see cref="T:System.Type"/> obiektów reprezentujących liczbę, kolejność i typ parametrów dla metody do wywołania</param>
            <param name="args">Argumenty wywołania</param>
            <returns>Wynik wywołania</returns>
        </member>
        <member name="M:Microsoft.VisualStudio.TestTools.UnitTesting.PrivateType.InvokeStatic(System.String,System.Type[],System.Object[],System.Type[])">
            <summary>
            Wywołuje statyczny element członkowski
            </summary>
            <param name="name">Nazwa elementu członkowskiego dla elementu InvokeHelper</param>
            <param name="parameterTypes">Tablica <see cref="T:System.Type"/> obiektów reprezentujących liczbę, kolejność i typ parametrów dla metody do wywołania</param>
            <param name="args">Argumenty wywołania</param>
            <param name="typeArguments">Tablica typów odpowiadających typom argumentów ogólnych.</param>
            <returns>Wynik wywołania</returns>
        </member>
        <member name="M:Microsoft.VisualStudio.TestTools.UnitTesting.PrivateType.InvokeStatic(System.String,System.Object[],System.Globalization.CultureInfo)">
            <summary>
            Wywołuje metodę statyczną
            </summary>
            <param name="name">Name of the member</param>
            <param name="args">Argumenty wywołania</param>
            <param name="culture">Kultura</param>
            <returns>Wynik wywołania</returns>
        </member>
        <member name="M:Microsoft.VisualStudio.TestTools.UnitTesting.PrivateType.InvokeStatic(System.String,System.Type[],System.Object[],System.Globalization.CultureInfo)">
            <summary>
            Wywołuje metodę statyczną
            </summary>
            <param name="name">Name of the member</param>
            <param name="parameterTypes">Tablica <see cref="T:System.Type"/> obiektów reprezentujących liczbę, kolejność i typ parametrów dla metody do wywołania</param>
            <param name="args">Argumenty wywołania</param>
            <param name="culture">Informacje o kulturze</param>
            <returns>Wynik wywołania</returns>
        </member>
        <member name="M:Microsoft.VisualStudio.TestTools.UnitTesting.PrivateType.InvokeStatic(System.String,System.Reflection.BindingFlags,System.Object[])">
            <summary>
            Wywołuje metodę statyczną
            </summary>
            <param name="name">Name of the member</param>
            <param name="bindingFlags">Dodatkowe atrybuty wywołania</param>
            <param name="args">Argumenty wywołania</param>
            <returns>Wynik wywołania</returns>
        </member>
        <member name="M:Microsoft.VisualStudio.TestTools.UnitTesting.PrivateType.InvokeStatic(System.String,System.Reflection.BindingFlags,System.Type[],System.Object[])">
            <summary>
            Wywołuje metodę statyczną
            </summary>
            <param name="name">Name of the member</param>
            <param name="bindingFlags">Dodatkowe atrybuty wywołania</param>
            <param name="parameterTypes">Tablica <see cref="T:System.Type"/> obiektów reprezentujących liczbę, kolejność i typ parametrów dla metody do wywołania</param>
            <param name="args">Argumenty wywołania</param>
            <returns>Wynik wywołania</returns>
        </member>
        <member name="M:Microsoft.VisualStudio.TestTools.UnitTesting.PrivateType.InvokeStatic(System.String,System.Reflection.BindingFlags,System.Object[],System.Globalization.CultureInfo)">
            <summary>
            Wywołuje metodę statyczną
            </summary>
            <param name="name">Nazwa elementu członkowskiego</param>
            <param name="bindingFlags">Dodatkowe atrybuty wywołania</param>
            <param name="args">Argumenty wywołania</param>
            <param name="culture">Kultura</param>
            <returns>Wynik wywołania</returns>
        </member>
        <member name="M:Microsoft.VisualStudio.TestTools.UnitTesting.PrivateType.InvokeStatic(System.String,System.Reflection.BindingFlags,System.Type[],System.Object[],System.Globalization.CultureInfo)">
            <summary>
            Wywołuje metodę statyczną
            </summary>
            <param name="name">Nazwa elementu członkowskiego</param>
            <param name="bindingFlags">Dodatkowe atrybuty wywołania</param>
            /// <param name="parameterTypes">Tablica <see cref="T:System.Type"/> obiektów reprezentujących liczbę, kolejność i typ parametrów dla metody do wywołania</param>
            <param name="args">Argumenty wywołania</param>
            <param name="culture">Kultura</param>
            <returns>Wynik wywołania</returns>
        </member>
        <member name="M:Microsoft.VisualStudio.TestTools.UnitTesting.PrivateType.InvokeStatic(System.String,System.Reflection.BindingFlags,System.Type[],System.Object[],System.Globalization.CultureInfo,System.Type[])">
            <summary>
            Wywołuje metodę statyczną
            </summary>
            <param name="name">Nazwa elementu członkowskiego</param>
            <param name="bindingFlags">Dodatkowe atrybuty wywołania</param>
            /// <param name="parameterTypes">Tablica <see cref="T:System.Type"/> obiektów reprezentujących liczbę, kolejność i typ parametrów dla metody do wywołania</param>
            <param name="args">Argumenty wywołania</param>
            <param name="culture">Kultura</param>
            <param name="typeArguments">Tablica typów odpowiadających typom argumentów ogólnych.</param>
            <returns>Wynik wywołania</returns>
        </member>
        <member name="M:Microsoft.VisualStudio.TestTools.UnitTesting.PrivateType.GetStaticArrayElement(System.String,System.Int32[])">
            <summary>
            Pobiera element w tablicy statycznej
            </summary>
            <param name="name">Name of the array</param>
            <param name="indices">
            Jednowymiarowa tablica 32-bitowych liczb całkowitych reprezentujących indeksy określające
            pozycję elementu do pobrania. Przykładowo aby uzyskać dostęp do elementu a[10][11], indeksem będzie {10,11}
            </param>
            <returns>element w określonej lokalizacji</returns>
        </member>
        <member name="M:Microsoft.VisualStudio.TestTools.UnitTesting.PrivateType.SetStaticArrayElement(System.String,System.Object,System.Int32[])">
            <summary>
            Ustawia element członkowski tablicy statycznej
            </summary>
            <param name="name">Name of the array</param>
            <param name="value">wartość do ustawienia</param>
            <param name="indices">
            Jednowymiarowa tablica 32-bitowych liczb całkowitych reprezentujących indeksy określające
            pozycję elementu do ustawienia. Przykładowo aby uzyskać dostęp do elementu a[10][11], tablicą będzie {10,11}
            </param>
        </member>
        <member name="M:Microsoft.VisualStudio.TestTools.UnitTesting.PrivateType.GetStaticArrayElement(System.String,System.Reflection.BindingFlags,System.Int32[])">
            <summary>
            Gets the element in satatic array
            </summary>
            <param name="name">Name of the array</param>
            <param name="bindingFlags">Dodatkowe atrybuty elementu InvokeHelper</param>
            <param name="indices">
            Jednowymiarowa tablica 32-bitowych liczb całkowitych reprezentujących indeksy określające
            pozycję elementu do pobrania. Przykładowo aby uzyskać dostęp do elementu a[10][11], tablicą będzie {10,11}
      </param>
            <returns>element w określonej lokalizacji</returns>
        </member>
        <member name="M:Microsoft.VisualStudio.TestTools.UnitTesting.PrivateType.SetStaticArrayElement(System.String,System.Reflection.BindingFlags,System.Object,System.Int32[])">
            <summary>
            Ustawia element członkowski tablicy statycznej
            </summary>
            <param name="name">Name of the array</param>
            <param name="bindingFlags">Dodatkowe atrybuty elementu InvokeHelper</param>
            <param name="value">wartość do ustawienia</param>
            <param name="indices">
            Jednowymiarowa tablica 32-bitowych liczb całkowitych reprezentujących indeksy określające
            pozycję elementu do ustawienia. Przykładowo aby uzyskać dostęp do elementu a[10][11], tablicą będzie {10,11}
            </param>
        </member>
        <member name="M:Microsoft.VisualStudio.TestTools.UnitTesting.PrivateType.GetStaticField(System.String)">
            <summary>
            Pobiera pole statyczne
            </summary>
            <param name="name">Nazwa pola</param>
            <returns>The static field.</returns>
        </member>
        <member name="M:Microsoft.VisualStudio.TestTools.UnitTesting.PrivateType.SetStaticField(System.String,System.Object)">
            <summary>
            Ustawia pole statyczne
            </summary>
            <param name="name">Nazwa pola</param>
            <param name="value">Argument wywołania</param>
        </member>
        <member name="M:Microsoft.VisualStudio.TestTools.UnitTesting.PrivateType.GetStaticField(System.String,System.Reflection.BindingFlags)">
            <summary>
            Pobiera pole statyczne za pomocą określonych atrybutów elementu InvokeHelper
            </summary>
            <param name="name">Nazwa pola</param>
            <param name="bindingFlags">Dodatkowe atrybuty wywołania</param>
            <returns>The static field.</returns>
        </member>
        <member name="M:Microsoft.VisualStudio.TestTools.UnitTesting.PrivateType.SetStaticField(System.String,System.Reflection.BindingFlags,System.Object)">
            <summary>
            Ustawia pole statyczne za pomocą atrybutów powiązania
            </summary>
            <param name="name">Nazwa pola</param>
            <param name="bindingFlags">Dodatkowe atrybuty elementu InvokeHelper</param>
            <param name="value">Argument wywołania</param>
        </member>
        <member name="M:Microsoft.VisualStudio.TestTools.UnitTesting.PrivateType.GetStaticFieldOrProperty(System.String)">
            <summary>
            Pobiera pole statyczne lub właściwość
            </summary>
            <param name="name">Nazwa pola lub właściwości</param>
            <returns>The static field or property.</returns>
        </member>
        <member name="M:Microsoft.VisualStudio.TestTools.UnitTesting.PrivateType.SetStaticFieldOrProperty(System.String,System.Object)">
            <summary>
            Ustawia pole statyczne lub właściwość
            </summary>
            <param name="name">Nazwa pola lub właściwości</param>
            <param name="value">Wartość do ustawienia dla pola lub właściwości</param>
        </member>
        <member name="M:Microsoft.VisualStudio.TestTools.UnitTesting.PrivateType.GetStaticFieldOrProperty(System.String,System.Reflection.BindingFlags)">
            <summary>
            Pobiera pole statyczne lub właściwość za pomocą określonych atrybutów elementu InvokeHelper
            </summary>
            <param name="name">Nazwa pola lub właściwości</param>
            <param name="bindingFlags">Dodatkowe atrybuty wywołania</param>
            <returns>The static field or property.</returns>
        </member>
        <member name="M:Microsoft.VisualStudio.TestTools.UnitTesting.PrivateType.SetStaticFieldOrProperty(System.String,System.Reflection.BindingFlags,System.Object)">
            <summary>
            Ustawia pole statyczne lub właściwość za pomocą atrybutów powiązania
            </summary>
            <param name="name">Nazwa pola lub właściwości</param>
            <param name="bindingFlags">Dodatkowe atrybuty wywołania</param>
            <param name="value">Wartość do ustawienia dla pola lub właściwości</param>
        </member>
        <member name="M:Microsoft.VisualStudio.TestTools.UnitTesting.PrivateType.GetStaticProperty(System.String,System.Object[])">
            <summary>
            Pobiera właściwość statyczną
            </summary>
            <param name="name">Nazwa pola lub właściwości</param>
            <param name="args">Argumenty wywołania</param>
            <returns>The static property.</returns>
        </member>
        <member name="M:Microsoft.VisualStudio.TestTools.UnitTesting.PrivateType.SetStaticProperty(System.String,System.Object,System.Object[])">
            <summary>
            Ustawia właściwość statyczną
            </summary>
            <param name="name">Nazwa właściwości</param>
            <param name="value">Wartość do ustawienia dla pola lub właściwości</param>
            <param name="args">Argumenty do przekazania do elementu członkowskiego na potrzeby wywołania.</param>
        </member>
        <member name="M:Microsoft.VisualStudio.TestTools.UnitTesting.PrivateType.SetStaticProperty(System.String,System.Object,System.Type[],System.Object[])">
            <summary>
            Ustawia właściwość statyczną
            </summary>
            <param name="name">Nazwa właściwości</param>
            <param name="value">Wartość do ustawienia dla pola lub właściwości</param>
            <param name="parameterTypes">Tablica <see cref="T:System.Type"/> obiektów reprezentujących liczbę, kolejność i typ parametrów właściwości indeksowanej.</param>
            <param name="args">Argumenty do przekazania do elementu członkowskiego na potrzeby wywołania.</param>
        </member>
        <member name="M:Microsoft.VisualStudio.TestTools.UnitTesting.PrivateType.GetStaticProperty(System.String,System.Reflection.BindingFlags,System.Object[])">
            <summary>
            Pobiera właściwość statyczną
            </summary>
            <param name="name">Nazwa właściwości</param>
            <param name="bindingFlags">Dodatkowe atrybuty wywołania.</param>
            <param name="args">Argumenty do przekazania do elementu członkowskiego na potrzeby wywołania.</param>
            <returns>The static property.</returns>
        </member>
        <member name="M:Microsoft.VisualStudio.TestTools.UnitTesting.PrivateType.GetStaticProperty(System.String,System.Reflection.BindingFlags,System.Type[],System.Object[])">
            <summary>
            Pobiera właściwość statyczną
            </summary>
            <param name="name">Nazwa właściwości</param>
            <param name="bindingFlags">Dodatkowe atrybuty wywołania.</param>
            <param name="parameterTypes">Tablica <see cref="T:System.Type"/> obiektów reprezentujących liczbę, kolejność i typ parametrów właściwości indeksowanej.</param>
            <param name="args">Argumenty do przekazania do elementu członkowskiego na potrzeby wywołania.</param>
            <returns>The static property.</returns>
        </member>
        <member name="M:Microsoft.VisualStudio.TestTools.UnitTesting.PrivateType.SetStaticProperty(System.String,System.Reflection.BindingFlags,System.Object,System.Object[])">
            <summary>
            Ustawia właściwość statyczną
            </summary>
            <param name="name">Nazwa właściwości</param>
            <param name="bindingFlags">Dodatkowe atrybuty wywołania.</param>
            <param name="value">Wartość do ustawienia dla pola lub właściwości</param>
            <param name="args">Opcjonalne wartości indeksu dla właściwości indeksowanych. Indeksy właściwości indeksowanych są liczone od zera. W przypadku właściwości nieindeksowanych powinna to być wartość null. </param>
        </member>
        <member name="M:Microsoft.VisualStudio.TestTools.UnitTesting.PrivateType.SetStaticProperty(System.String,System.Reflection.BindingFlags,System.Object,System.Type[],System.Object[])">
            <summary>
            Ustawia właściwość statyczną
            </summary>
            <param name="name">Nazwa właściwości</param>
            <param name="bindingFlags">Dodatkowe atrybuty wywołania.</param>
            <param name="value">Wartość do ustawienia dla pola lub właściwości</param>
            <param name="parameterTypes">Tablica <see cref="T:System.Type"/> obiektów reprezentujących liczbę, kolejność i typ parametrów właściwości indeksowanej.</param>
            <param name="args">Argumenty do przekazania do elementu członkowskiego na potrzeby wywołania.</param>
        </member>
        <member name="M:Microsoft.VisualStudio.TestTools.UnitTesting.PrivateType.InvokeHelperStatic(System.String,System.Reflection.BindingFlags,System.Object[],System.Globalization.CultureInfo)">
            <summary>
            Wywołuje metodę statyczną
            </summary>
            <param name="name">Nazwa elementu członkowskiego</param>
            <param name="bindingFlags">Dodatkowe atrybuty wywołania</param>
            <param name="args">Argumenty wywołania</param>
            <param name="culture">Kultura</param>
            <returns>Wynik wywołania</returns>
        </member>
        <member name="T:Microsoft.VisualStudio.TestTools.UnitTesting.RuntimeTypeHelper">
            <summary>
            Udostępnia odnajdywanie sygnatury metody dla metod ogólnych.
            </summary>
        </member>
        <member name="M:Microsoft.VisualStudio.TestTools.UnitTesting.RuntimeTypeHelper.CompareMethodSigAndName(System.Reflection.MethodBase,System.Reflection.MethodBase)">
            <summary>
            Compares the method signatures of these two methods.
            </summary>
            <param name="m1">Method1</param>
            <param name="m2">Method2</param>
            <returns>True if they are similiar.</returns>
        </member>
        <member name="M:Microsoft.VisualStudio.TestTools.UnitTesting.RuntimeTypeHelper.GetHierarchyDepth(System.Type)">
            <summary>
            Gets the hierarchy depty from the base type of the provided type.
            </summary>
            <param name="t">The type.</param>
            <returns>The depth.</returns>
        </member>
        <member name="M:Microsoft.VisualStudio.TestTools.UnitTesting.RuntimeTypeHelper.FindMostDerivedNewSlotMeth(System.Reflection.MethodBase[],System.Int32)">
            <summary>
            Finds most dervied type with the provided information.
            </summary>
            <param name="match">Candidate matches.</param>
            <param name="cMatches">Number of matches.</param>
            <returns>The most derived method.</returns>
        </member>
        <member name="M:Microsoft.VisualStudio.TestTools.UnitTesting.RuntimeTypeHelper.SelectMethod(System.Reflection.BindingFlags,System.Reflection.MethodBase[],System.Type[],System.Reflection.ParameterModifier[])">
            <summary>
            Za pomocą podanego zbioru metod pasujących do podstawowych kryteriów wybierz metodę
            opartą na tablicy typów. Ta metoda powinna zwracać wartość null, jeśli żadna metoda
            nie pasuje do kryteriów.
            </summary>
            <param name="bindingAttr">Binding specification.</param>
            <param name="match">Candidate matches</param>
            <param name="types">Types</param>
            <param name="modifiers">Parameter modifiers.</param>
            <returns>Matching method. Null if none matches.</returns>
        </member>
        <member name="M:Microsoft.VisualStudio.TestTools.UnitTesting.RuntimeTypeHelper.FindMostSpecificMethod(System.Reflection.MethodBase,System.Int32[],System.Type,System.Reflection.MethodBase,System.Int32[],System.Type,System.Type[],System.Object[])">
            <summary>
            Finds the most specific method in the two methods provided.
            </summary>
            <param name="m1">Method 1</param>
            <param name="paramOrder1">Parameter order for Method 1</param>
            <param name="paramArrayType1">Paramter array type.</param>
            <param name="m2">Method 2</param>
            <param name="paramOrder2">Parameter order for Method 2</param>
            <param name="paramArrayType2">&gt;Paramter array type.</param>
            <param name="types">Types to search in.</param>
            <param name="args">Args.</param>
            <returns>An int representing the match.</returns>
        </member>
        <member name="M:Microsoft.VisualStudio.TestTools.UnitTesting.RuntimeTypeHelper.FindMostSpecific(System.Reflection.ParameterInfo[],System.Int32[],System.Type,System.Reflection.ParameterInfo[],System.Int32[],System.Type,System.Type[],System.Object[])">
            <summary>
            Finds the most specific method in the two methods provided.
            </summary>
            <param name="p1">Method 1</param>
            <param name="paramOrder1">Parameter order for Method 1</param>
            <param name="paramArrayType1">Paramter array type.</param>
            <param name="p2">Method 2</param>
            <param name="paramOrder2">Parameter order for Method 2</param>
            <param name="paramArrayType2">&gt;Paramter array type.</param>
            <param name="types">Types to search in.</param>
            <param name="args">Args.</param>
            <returns>An int representing the match.</returns>
        </member>
        <member name="M:Microsoft.VisualStudio.TestTools.UnitTesting.RuntimeTypeHelper.FindMostSpecificType(System.Type,System.Type,System.Type)">
            <summary>
            Finds the most specific type in the two provided.
            </summary>
            <param name="c1">Type 1</param>
            <param name="c2">Type 2</param>
            <param name="t">The defining type</param>
            <returns>An int representing the match.</returns>
        </member>
        <member name="T:Microsoft.VisualStudio.TestTools.UnitTesting.TestContext">
            <summary>
            Używane do przechowywania informacji udostępnianych testom jednostkowym.
            </summary>
        </member>
        <member name="P:Microsoft.VisualStudio.TestTools.UnitTesting.TestContext.Properties">
            <summary>
            Gets per test properties
            </summary>
        </member>
        <member name="P:Microsoft.VisualStudio.TestTools.UnitTesting.TestContext.DataRow">
            <summary>
            Gets the current data row when test is used for data driven testing.
            </summary>
        </member>
        <member name="P:Microsoft.VisualStudio.TestTools.UnitTesting.TestContext.DataConnection">
            <summary>
            Gets current data connection row when test is used for data driven testing.
            </summary>
        </member>
        <member name="P:Microsoft.VisualStudio.TestTools.UnitTesting.TestContext.TestRunDirectory">
            <summary>
            Gets base directory for the test run, under which deployed files and result files are stored.
            </summary>
        </member>
        <member name="P:Microsoft.VisualStudio.TestTools.UnitTesting.TestContext.DeploymentDirectory">
            <summary>
            Gets directory for files deployed for the test run. Typically a subdirectory of <see cref="P:Microsoft.VisualStudio.TestTools.UnitTesting.TestContext.TestRunDirectory"/>.
            </summary>
        </member>
        <member name="P:Microsoft.VisualStudio.TestTools.UnitTesting.TestContext.ResultsDirectory">
            <summary>
            Gets base directory for results from the test run. Typically a subdirectory of <see cref="P:Microsoft.VisualStudio.TestTools.UnitTesting.TestContext.TestRunDirectory"/>.
            </summary>
        </member>
        <member name="P:Microsoft.VisualStudio.TestTools.UnitTesting.TestContext.TestRunResultsDirectory">
            <summary>
            Gets directory for test run result files. Typically a subdirectory of <see cref="P:Microsoft.VisualStudio.TestTools.UnitTesting.TestContext.ResultsDirectory"/>.
            </summary>
        </member>
        <member name="P:Microsoft.VisualStudio.TestTools.UnitTesting.TestContext.TestResultsDirectory">
            <summary>
            Gets directory for test result files.
            </summary>
        </member>
        <member name="P:Microsoft.VisualStudio.TestTools.UnitTesting.TestContext.TestDir">
            <summary>
            Gets base directory for the test run, under which deployed files and result files are stored.
            Same as <see cref="P:Microsoft.VisualStudio.TestTools.UnitTesting.TestContext.TestRunDirectory"/>. Użyj zamiast tego tej właściwości.
            </summary>
        </member>
        <member name="P:Microsoft.VisualStudio.TestTools.UnitTesting.TestContext.TestDeploymentDir">
            <summary>
            Gets directory for files deployed for the test run. Typically a subdirectory of <see cref="P:Microsoft.VisualStudio.TestTools.UnitTesting.TestContext.TestRunDirectory"/>.
            Same as <see cref="P:Microsoft.VisualStudio.TestTools.UnitTesting.TestContext.DeploymentDirectory"/>. Użyj zamiast tego tej właściwości.
            </summary>
        </member>
        <member name="P:Microsoft.VisualStudio.TestTools.UnitTesting.TestContext.TestLogsDir">
            <summary>
            Gets directory for test run result files. Typically a subdirectory of <see cref="P:Microsoft.VisualStudio.TestTools.UnitTesting.TestContext.ResultsDirectory"/>.
            Same as <see cref="P:Microsoft.VisualStudio.TestTools.UnitTesting.TestContext.TestRunResultsDirectory"/>. Użyj tej właściwości dla plików wyników uruchomienia testu lub zamiast tego katalogu
            <see cref="P:Microsoft.VisualStudio.TestTools.UnitTesting.TestContext.TestResultsDirectory"/> dla plików wyników specyficznych dla testu.
            </summary>
        </member>
        <member name="P:Microsoft.VisualStudio.TestTools.UnitTesting.TestContext.FullyQualifiedTestClassName">
            <summary>
            Gets the Fully-qualified name of the class containing the test method currently being executed
            </summary>
        </member>
        <member name="P:Microsoft.VisualStudio.TestTools.UnitTesting.TestContext.TestName">
            <summary>
            Gets the name of the test method currently being executed
            </summary>
        </member>
        <member name="P:Microsoft.VisualStudio.TestTools.UnitTesting.TestContext.CurrentTestOutcome">
            <summary>
            Pobiera wynik bieżącego testu.
            </summary>
        </member>
        <member name="M:Microsoft.VisualStudio.TestTools.UnitTesting.TestContext.WriteLine(System.String)">
            <summary>
            Używane do zapisywania komunikatów śledzenia podczas działania testu
            </summary>
            <param name="message">ciąg sformatowanego komunikatu</param>
        </member>
        <member name="M:Microsoft.VisualStudio.TestTools.UnitTesting.TestContext.WriteLine(System.String,System.Object[])">
            <summary>
            Używane do zapisywania komunikatów śledzenia podczas działania testu
            </summary>
            <param name="format">ciąg formatu</param>
            <param name="args">argumenty</param>
        </member>
        <member name="M:Microsoft.VisualStudio.TestTools.UnitTesting.TestContext.AddResultFile(System.String)">
            <summary>
            Dodaje nazwę pliku do listy w elemencie TestResult.ResultFileNames
            </summary>
            <param name="fileName">
            Nazwa pliku.
            </param>
        </member>
        <member name="M:Microsoft.VisualStudio.TestTools.UnitTesting.TestContext.BeginTimer(System.String)">
            <summary>
            Uruchamia czasomierz o określonej nazwie
            </summary>
            <param name="timerName"> Name of the timer.</param>
        </member>
        <member name="M:Microsoft.VisualStudio.TestTools.UnitTesting.TestContext.EndTimer(System.String)">
            <summary>
            Zatrzymuje czasomierz o określonej nazwie
            </summary>
            <param name="timerName"> Name of the timer.</param>
        </member>
    </members>
</doc>
